step,track,model,dataset,Accuracy,F1,Memory in Mb,Time in s
25,Binary classification,Logistic regression,Phishing,0.64,0.6896551724137931,0.005324363708496094,0.008713
50,Binary classification,Logistic regression,Phishing,0.78,0.7755102040816326,0.005324363708496094,0.023342
75,Binary classification,Logistic regression,Phishing,0.8133333333333334,0.8157894736842105,0.005324363708496094,0.041659
100,Binary classification,Logistic regression,Phishing,0.82,0.8163265306122449,0.005324363708496094,0.064208
125,Binary classification,Logistic regression,Phishing,0.808,0.8032786885245902,0.005324363708496094,0.092474
150,Binary classification,Logistic regression,Phishing,0.8133333333333334,0.8157894736842104,0.005324363708496094,0.125693
175,Binary classification,Logistic regression,Phishing,0.8228571428571428,0.8143712574850299,0.005324363708496094,0.162716
200,Binary classification,Logistic regression,Phishing,0.82,0.8105263157894737,0.005324363708496094,0.203823
225,Binary classification,Logistic regression,Phishing,0.8177777777777778,0.8038277511961723,0.005324363708496094,0.250243
250,Binary classification,Logistic regression,Phishing,0.824,0.811965811965812,0.005324363708496094,0.30097399999999996
275,Binary classification,Logistic regression,Phishing,0.8254545454545454,0.8125,0.005564689636230469,0.356054
300,Binary classification,Logistic regression,Phishing,0.8366666666666667,0.8205128205128205,0.005564689636230469,0.415997
325,Binary classification,Logistic regression,Phishing,0.8430769230769231,0.8222996515679442,0.005564689636230469,0.479929
350,Binary classification,Logistic regression,Phishing,0.8542857142857143,0.8316831683168316,0.005564689636230469,0.547712
375,Binary classification,Logistic regression,Phishing,0.8506666666666667,0.825,0.005564689636230469,0.619539
400,Binary classification,Logistic regression,Phishing,0.8525,0.8249258160237388,0.005564689636230469,0.695526
425,Binary classification,Logistic regression,Phishing,0.8588235294117647,0.8285714285714286,0.005564689636230469,0.775733
450,Binary classification,Logistic regression,Phishing,0.8622222222222222,0.8306010928961749,0.005564689636230469,0.860456
475,Binary classification,Logistic regression,Phishing,0.8589473684210527,0.8277634961439589,0.005564689636230469,0.948469
500,Binary classification,Logistic regression,Phishing,0.86,0.8325358851674641,0.005564689636230469,1.039425
525,Binary classification,Logistic regression,Phishing,0.8590476190476191,0.827906976744186,0.005564689636230469,1.134053
550,Binary classification,Logistic regression,Phishing,0.86,0.8300220750551875,0.005564689636230469,1.2310969999999999
575,Binary classification,Logistic regression,Phishing,0.8626086956521739,0.8329809725158562,0.005564689636230469,1.33175
600,Binary classification,Logistic regression,Phishing,0.8666666666666667,0.8353909465020577,0.005564689636230469,1.437015
625,Binary classification,Logistic regression,Phishing,0.8688,0.8346774193548386,0.005564689636230469,1.546683
650,Binary classification,Logistic regression,Phishing,0.8723076923076923,0.8413001912045889,0.005564689636230469,1.658966
675,Binary classification,Logistic regression,Phishing,0.8725925925925926,0.8447653429602888,0.005564689636230469,1.774841
700,Binary classification,Logistic regression,Phishing,0.8771428571428571,0.8485915492957746,0.005564689636230469,1.8931529999999999
725,Binary classification,Logistic regression,Phishing,0.8786206896551724,0.8533333333333334,0.005564689636230469,2.013998
750,Binary classification,Logistic regression,Phishing,0.88,0.8557692307692307,0.005564689636230469,2.137313
775,Binary classification,Logistic regression,Phishing,0.8812903225806452,0.8566978193146417,0.005564689636230469,2.2638759999999998
800,Binary classification,Logistic regression,Phishing,0.88125,0.8584202682563338,0.005564689636230469,2.392873
825,Binary classification,Logistic regression,Phishing,0.8812121212121212,0.8595988538681948,0.005564689636230469,2.5257929999999997
850,Binary classification,Logistic regression,Phishing,0.8823529411764706,0.8603351955307262,0.005564689636230469,2.6620039999999996
875,Binary classification,Logistic regression,Phishing,0.8857142857142857,0.8637602179836512,0.005564689636230469,2.8005569999999995
900,Binary classification,Logistic regression,Phishing,0.8855555555555555,0.8632138114209827,0.005564689636230469,2.9432419999999997
925,Binary classification,Logistic regression,Phishing,0.8875675675675676,0.867007672634271,0.005564689636230469,3.0899419999999997
950,Binary classification,Logistic regression,Phishing,0.8863157894736842,0.8669950738916257,0.005564689636230469,3.2390419999999995
975,Binary classification,Logistic regression,Phishing,0.8871794871794871,0.8677884615384616,0.005564689636230469,3.3907279999999993
1000,Binary classification,Logistic regression,Phishing,0.888,0.8688524590163934,0.005564689636230469,3.545683999999999
1025,Binary classification,Logistic regression,Phishing,0.8878048780487805,0.8691695108077361,0.005564689636230469,3.704385999999999
1050,Binary classification,Logistic regression,Phishing,0.8895238095238095,0.8716814159292035,0.005564689636230469,3.865516999999999
1075,Binary classification,Logistic regression,Phishing,0.8883720930232558,0.8715203426124196,0.005564689636230469,4.029298999999999
1100,Binary classification,Logistic regression,Phishing,0.89,0.8735632183908045,0.005564689636230469,4.195445999999999
1125,Binary classification,Logistic regression,Phishing,0.8906666666666667,0.8753799392097265,0.005564689636230469,4.363883999999999
1150,Binary classification,Logistic regression,Phishing,0.8904347826086957,0.8750000000000001,0.005564689636230469,4.534946999999999
1175,Binary classification,Logistic regression,Phishing,0.8893617021276595,0.8735408560311284,0.005564689636230469,4.709177999999999
1200,Binary classification,Logistic regression,Phishing,0.89,0.8740458015267174,0.005564689636230469,4.8857529999999985
1225,Binary classification,Logistic regression,Phishing,0.8906122448979592,0.874766355140187,0.005564689636230469,5.066079999999999
1250,Binary classification,Logistic regression,Phishing,0.888,0.8722627737226277,0.005564689636230469,5.249961999999998
106,Binary classification,Logistic regression,Bananas,0.49056603773584906,0.325,0.004187583923339844,0.014881
212,Binary classification,Logistic regression,Bananas,0.5141509433962265,0.3757575757575758,0.004187583923339844,0.041509
318,Binary classification,Logistic regression,Bananas,0.5188679245283019,0.41379310344827586,0.004240989685058594,0.079319
424,Binary classification,Logistic regression,Bananas,0.5165094339622641,0.39528023598820067,0.004240989685058594,0.128302
530,Binary classification,Logistic regression,Bananas,0.5320754716981132,0.35751295336787564,0.004240989685058594,0.18729099999999999
636,Binary classification,Logistic regression,Bananas,0.5377358490566038,0.3225806451612903,0.004240989685058594,0.255733
742,Binary classification,Logistic regression,Bananas,0.5525606469002695,0.29957805907172996,0.004240989685058594,0.333522
848,Binary classification,Logistic regression,Bananas,0.5518867924528302,0.27203065134099613,0.004240989685058594,0.420319
954,Binary classification,Logistic regression,Bananas,0.5545073375262054,0.25044091710758376,0.004240989685058594,0.515979
1060,Binary classification,Logistic regression,Bananas,0.5613207547169812,0.23393739703459634,0.004240989685058594,0.619861
1166,Binary classification,Logistic regression,Bananas,0.5600343053173242,0.216793893129771,0.004240989685058594,0.731474
1272,Binary classification,Logistic regression,Bananas,0.5605345911949685,0.21378340365682133,0.004240989685058594,0.852776
1378,Binary classification,Logistic regression,Bananas,0.5638606676342526,0.20185922974767595,0.004240989685058594,0.982845
1484,Binary classification,Logistic regression,Bananas,0.5640161725067385,0.19023779724655818,0.004240989685058594,1.1209339999999999
1590,Binary classification,Logistic regression,Bananas,0.5641509433962264,0.17988165680473372,0.004240989685058594,1.269164
1696,Binary classification,Logistic regression,Bananas,0.5654481132075472,0.17283950617283952,0.004240989685058594,1.426613
1802,Binary classification,Logistic regression,Bananas,0.5621531631520533,0.16507936507936508,0.004240989685058594,1.592833
1908,Binary classification,Logistic regression,Bananas,0.5581761006289309,0.1628599801390268,0.004240989685058594,1.766997
2014,Binary classification,Logistic regression,Bananas,0.551142005958292,0.16141001855287568,0.004240989685058594,1.9504899999999998
2120,Binary classification,Logistic regression,Bananas,0.5490566037735849,0.16433566433566435,0.004240989685058594,2.1413279999999997
2226,Binary classification,Logistic regression,Bananas,0.5480682839173405,0.17675941080196397,0.004240989685058594,2.3399559999999995
2332,Binary classification,Logistic regression,Bananas,0.5480274442538593,0.19295558958652376,0.004240989685058594,2.5471619999999993
2438,Binary classification,Logistic regression,Bananas,0.5467596390484003,0.19636363636363635,0.004240989685058594,2.762634999999999
2544,Binary classification,Logistic regression,Bananas,0.547562893081761,0.2132604237867396,0.004240989685058594,2.986632999999999
2650,Binary classification,Logistic regression,Bananas,0.5449056603773584,0.22293814432989692,0.004240989685058594,3.218891999999999
2756,Binary classification,Logistic regression,Bananas,0.5391872278664731,0.22560975609756098,0.004240989685058594,3.459773999999999
2862,Binary classification,Logistic regression,Bananas,0.5387840670859538,0.22716627634660422,0.004240989685058594,3.708123999999999
2968,Binary classification,Logistic regression,Bananas,0.5407681940700808,0.22336182336182334,0.004240989685058594,3.9641279999999988
3074,Binary classification,Logistic regression,Bananas,0.5400130123617437,0.21878453038674034,0.004240989685058594,4.227621999999998
3180,Binary classification,Logistic regression,Bananas,0.5433962264150943,0.21767241379310348,0.004240989685058594,4.498401999999999
3286,Binary classification,Logistic regression,Bananas,0.5447352404138771,0.21345951629863302,0.004240989685058594,4.781314999999998
3392,Binary classification,Logistic regression,Bananas,0.5436320754716981,0.21020408163265306,0.004240989685058594,5.073452999999999
3498,Binary classification,Logistic regression,Bananas,0.5454545454545454,0.20579420579420582,0.004240989685058594,5.373128999999999
3604,Binary classification,Logistic regression,Bananas,0.5477247502774695,0.20176297747306565,0.004240989685058594,5.681398999999999
3710,Binary classification,Logistic regression,Bananas,0.5466307277628032,0.1967526265520535,0.004240989685058594,5.997507999999999
3816,Binary classification,Logistic regression,Bananas,0.5461215932914046,0.19216417910447758,0.004240989685058594,6.321161999999999
3922,Binary classification,Logistic regression,Bananas,0.5471698113207547,0.1882998171846435,0.004240989685058594,6.652362999999999
4028,Binary classification,Logistic regression,Bananas,0.5476663356504469,0.18442256042972244,0.004240989685058594,6.991187999999999
4134,Binary classification,Logistic regression,Bananas,0.5478955007256894,0.1806225339763262,0.004240989685058594,7.337172999999999
4240,Binary classification,Logistic regression,Bananas,0.5471698113207547,0.17667238421955403,0.004240989685058594,7.691310999999999
4346,Binary classification,Logistic regression,Bananas,0.5473999079613437,0.17456986991187579,0.004240989685058594,8.057599999999999
4452,Binary classification,Logistic regression,Bananas,0.5496406109613656,0.17995910020449898,0.004240989685058594,8.431593
4558,Binary classification,Logistic regression,Bananas,0.5465116279069767,0.1794362842397777,0.004240989685058594,8.814224999999999
4664,Binary classification,Logistic regression,Bananas,0.5463121783876501,0.18615384615384617,0.004240989685058594,9.207410999999999
4770,Binary classification,Logistic regression,Bananas,0.5465408805031446,0.18897637795275588,0.004240989685058594,9.607933999999998
4876,Binary classification,Logistic regression,Bananas,0.5467596390484003,0.18928833455612618,0.004240989685058594,10.018441
4982,Binary classification,Logistic regression,Bananas,0.5467683661180249,0.19586894586894588,0.004240989685058594,10.440503999999999
5088,Binary classification,Logistic regression,Bananas,0.5446147798742138,0.19408695652173913,0.004240989685058594,10.873073999999999
5194,Binary classification,Logistic regression,Bananas,0.5427416249518675,0.19245154709282555,0.004240989685058594,11.313540999999999
5300,Binary classification,Logistic regression,Bananas,0.5430188679245282,0.19534883720930235,0.004240989685058594,11.761861999999999
25,Binary classification,Torch Logistic Regression,Phishing,0.36,0.27272727272727276,0.06078910827636719,0.062668
50,Binary classification,Torch Logistic Regression,Phishing,0.56,0.4210526315789474,0.06078910827636719,0.145061
75,Binary classification,Torch Logistic Regression,Phishing,0.64,0.5714285714285714,0.06078910827636719,0.24786999999999998
100,Binary classification,Torch Logistic Regression,Phishing,0.67,0.611764705882353,0.06078910827636719,0.37072099999999997
125,Binary classification,Torch Logistic Regression,Phishing,0.672,0.6238532110091743,0.06078910827636719,0.51454
150,Binary classification,Torch Logistic Regression,Phishing,0.6933333333333334,0.6714285714285715,0.06078910827636719,0.678524
175,Binary classification,Torch Logistic Regression,Phishing,0.7257142857142858,0.6883116883116883,0.06078910827636719,0.858587
200,Binary classification,Torch Logistic Regression,Phishing,0.74,0.7045454545454545,0.06078910827636719,1.055244
225,Binary classification,Torch Logistic Regression,Phishing,0.7511111111111111,0.7113402061855669,0.06078910827636719,1.2671810000000001
250,Binary classification,Torch Logistic Regression,Phishing,0.76,0.7272727272727274,0.06078910827636719,1.495791
275,Binary classification,Torch Logistic Regression,Phishing,0.7709090909090909,0.7385892116182572,0.06100273132324219,1.7391860000000001
300,Binary classification,Torch Logistic Regression,Phishing,0.7866666666666666,0.751937984496124,0.06100273132324219,1.9990580000000002
325,Binary classification,Torch Logistic Regression,Phishing,0.796923076923077,0.7591240875912408,0.06100273132324219,2.2764710000000004
350,Binary classification,Torch Logistic Regression,Phishing,0.8114285714285714,0.7724137931034483,0.06100273132324219,2.5698680000000005
375,Binary classification,Torch Logistic Regression,Phishing,0.8133333333333334,0.7727272727272726,0.06100273132324219,2.8792970000000007
400,Binary classification,Torch Logistic Regression,Phishing,0.8175,0.7753846153846153,0.06100273132324219,3.2062880000000007
425,Binary classification,Torch Logistic Regression,Phishing,0.8258823529411765,0.7810650887573964,0.06100273132324219,3.5496280000000007
450,Binary classification,Torch Logistic Regression,Phishing,0.8311111111111111,0.7853107344632769,0.06100273132324219,3.9124730000000008
475,Binary classification,Torch Logistic Regression,Phishing,0.8315789473684211,0.7883597883597883,0.06100273132324219,4.292237000000001
500,Binary classification,Torch Logistic Regression,Phishing,0.832,0.7931034482758621,0.06100273132324219,4.692556000000001
525,Binary classification,Torch Logistic Regression,Phishing,0.8304761904761905,0.7875894988066826,0.06100273132324219,5.1146970000000005
550,Binary classification,Torch Logistic Regression,Phishing,0.8363636363636363,0.7972972972972974,0.06100273132324219,5.555001000000001
575,Binary classification,Torch Logistic Regression,Phishing,0.8382608695652174,0.7991360691144708,0.06100273132324219,6.011599
600,Binary classification,Torch Logistic Regression,Phishing,0.8433333333333334,0.8025210084033614,0.06100273132324219,6.484471
625,Binary classification,Torch Logistic Regression,Phishing,0.8432,0.7991803278688525,0.06100273132324219,6.973702
650,Binary classification,Torch Logistic Regression,Phishing,0.8476923076923077,0.8085106382978723,0.06100273132324219,7.4795180000000006
675,Binary classification,Torch Logistic Regression,Phishing,0.8503703703703703,0.8160291438979964,0.06100273132324219,8.00294
700,Binary classification,Torch Logistic Regression,Phishing,0.8557142857142858,0.8206039076376553,0.06100273132324219,8.547697000000001
725,Binary classification,Torch Logistic Regression,Phishing,0.856551724137931,0.825503355704698,0.06100273132324219,9.115053000000001
750,Binary classification,Torch Logistic Regression,Phishing,0.8586666666666667,0.8290322580645161,0.06100273132324219,9.701029000000002
775,Binary classification,Torch Logistic Regression,Phishing,0.8606451612903225,0.8307210031347962,0.06100273132324219,10.310345000000002
800,Binary classification,Torch Logistic Regression,Phishing,0.86125,0.8335832083958019,0.06100273132324219,10.942180000000002
825,Binary classification,Torch Logistic Regression,Phishing,0.8618181818181818,0.835734870317003,0.06100273132324219,11.593283000000003
850,Binary classification,Torch Logistic Regression,Phishing,0.8635294117647059,0.8370786516853933,0.06100273132324219,12.262500000000003
875,Binary classification,Torch Logistic Regression,Phishing,0.8674285714285714,0.8410958904109589,0.06100273132324219,12.948349000000002
900,Binary classification,Torch Logistic Regression,Phishing,0.8688888888888889,0.8422459893048128,0.06100273132324219,13.650213000000003
925,Binary classification,Torch Logistic Regression,Phishing,0.8713513513513513,0.8468468468468469,0.06100273132324219,14.369506000000003
950,Binary classification,Torch Logistic Regression,Phishing,0.871578947368421,0.8490099009900991,0.06100273132324219,15.105921000000002
975,Binary classification,Torch Logistic Regression,Phishing,0.8728205128205129,0.8502415458937198,0.06100273132324219,15.857243000000002
1000,Binary classification,Torch Logistic Regression,Phishing,0.874,0.851764705882353,0.06100273132324219,16.623719
1025,Binary classification,Torch Logistic Regression,Phishing,0.8741463414634146,0.8525714285714285,0.06100273132324219,17.404992
1050,Binary classification,Torch Logistic Regression,Phishing,0.8761904761904762,0.8555555555555556,0.06100273132324219,18.202185
1075,Binary classification,Torch Logistic Regression,Phishing,0.8753488372093023,0.8559139784946237,0.06100273132324219,19.014123
1100,Binary classification,Torch Logistic Regression,Phishing,0.8772727272727273,0.8583420776495277,0.06100273132324219,19.849128
1125,Binary classification,Torch Logistic Regression,Phishing,0.8791111111111111,0.8617886178861789,0.06100273132324219,20.724906
1150,Binary classification,Torch Logistic Regression,Phishing,0.88,0.8625498007968126,0.06100273132324219,21.627128
1175,Binary classification,Torch Logistic Regression,Phishing,0.88,0.862439024390244,0.06100273132324219,22.553165999999997
1200,Binary classification,Torch Logistic Regression,Phishing,0.8808333333333334,0.8631578947368422,0.06100273132324219,23.552286999999996
1225,Binary classification,Torch Logistic Regression,Phishing,0.8824489795918368,0.8649155722326453,0.06100273132324219,24.598502999999997
1250,Binary classification,Torch Logistic Regression,Phishing,0.8824,0.8652612282309806,0.06100273132324219,25.665990999999998
106,Binary classification,Torch Logistic Regression,Bananas,0.5377358490566038,0.5892857142857143,0.05962562561035156,0.106922
212,Binary classification,Torch Logistic Regression,Bananas,0.5330188679245284,0.5555555555555556,0.05962562561035156,0.28336
318,Binary classification,Torch Logistic Regression,Bananas,0.5125786163522013,0.5337423312883436,0.05965232849121094,0.522425
424,Binary classification,Torch Logistic Regression,Bananas,0.5235849056603774,0.5227817745803358,0.05965232849121094,0.82611
530,Binary classification,Torch Logistic Regression,Bananas,0.530188679245283,0.4788135593220339,0.05965232849121094,1.195602
636,Binary classification,Torch Logistic Regression,Bananas,0.529874213836478,0.4351145038167939,0.05965232849121094,1.6375170000000001
742,Binary classification,Torch Logistic Regression,Bananas,0.5444743935309974,0.40497335701598575,0.05965232849121094,2.1477180000000002
848,Binary classification,Torch Logistic Regression,Bananas,0.5448113207547169,0.37315875613747945,0.05965232849121094,2.7409480000000004
954,Binary classification,Torch Logistic Regression,Bananas,0.5471698113207547,0.3470319634703196,0.05965232849121094,3.4055730000000004
1060,Binary classification,Torch Logistic Regression,Bananas,0.5547169811320755,0.327116212338594,0.05965232849121094,4.132167000000001
1166,Binary classification,Torch Logistic Regression,Bananas,0.5540308747855918,0.3060402684563759,0.05965232849121094,4.916639000000001
1272,Binary classification,Torch Logistic Regression,Bananas,0.5534591194968553,0.3151515151515151,0.05965232849121094,5.802812000000001
1378,Binary classification,Torch Logistic Regression,Bananas,0.5529753265602322,0.2994285714285715,0.05965232849121094,6.855272000000001
1484,Binary classification,Torch Logistic Regression,Bananas,0.5539083557951483,0.2844733984799131,0.05965232849121094,7.978183000000001
1590,Binary classification,Torch Logistic Regression,Bananas,0.5547169811320755,0.2709410548086867,0.05965232849121094,9.166638
1696,Binary classification,Torch Logistic Regression,Bananas,0.5566037735849056,0.2620689655172414,0.05965232849121094,10.41838
1802,Binary classification,Torch Logistic Regression,Bananas,0.5516093229744728,0.2566943674976916,0.05965232849121094,11.738027
1908,Binary classification,Torch Logistic Regression,Bananas,0.5435010482180294,0.2568493150684931,0.05965232849121094,13.117029
2014,Binary classification,Torch Logistic Regression,Bananas,0.5357497517378351,0.2649842271293376,0.05965232849121094,14.556716
2120,Binary classification,Torch Logistic Regression,Bananas,0.5316037735849056,0.2709867452135493,0.05965232849121094,16.059791
2226,Binary classification,Torch Logistic Regression,Bananas,0.5300988319856245,0.2870813397129186,0.05965232849121094,17.644073
2332,Binary classification,Torch Logistic Regression,Bananas,0.5300171526586621,0.29890955740859526,0.05965232849121094,19.307949999999998
2438,Binary classification,Torch Logistic Regression,Bananas,0.5287120590648072,0.3020706455542022,0.05965232849121094,21.029633999999998
2544,Binary classification,Torch Logistic Regression,Bananas,0.5302672955974843,0.3141542002301496,0.05965232849121094,22.812185
2650,Binary classification,Torch Logistic Regression,Bananas,0.5264150943396226,0.31808278867102396,0.05965232849121094,24.648612
2756,Binary classification,Torch Logistic Regression,Bananas,0.52322206095791,0.31966787752983916,0.05965232849121094,26.539684
2862,Binary classification,Torch Logistic Regression,Bananas,0.5251572327044025,0.3137651821862348,0.05965232849121094,28.487237
2968,Binary classification,Torch Logistic Regression,Bananas,0.5279649595687331,0.3079207920792079,0.05965232849121094,30.496435
3074,Binary classification,Torch Logistic Regression,Bananas,0.5270006506180872,0.30004823926676316,0.05965232849121094,32.563908000000005
3180,Binary classification,Torch Logistic Regression,Bananas,0.530188679245283,0.2950354609929078,0.05965232849121094,34.68901700000001
3286,Binary classification,Torch Logistic Regression,Bananas,0.5313451004260499,0.28941285251964866,0.05965232849121094,36.869958000000004
3392,Binary classification,Torch Logistic Regression,Bananas,0.5297759433962265,0.2822362488728584,0.05965232849121094,39.105977
3498,Binary classification,Torch Logistic Regression,Bananas,0.5314465408805031,0.27674624226348365,0.05965232849121094,41.398127
3604,Binary classification,Torch Logistic Regression,Bananas,0.5335738068812431,0.27170138888888884,0.05965232849121094,43.74418
3710,Binary classification,Torch Logistic Regression,Bananas,0.5334231805929919,0.2677966101694915,0.05965232849121094,46.145929
3816,Binary classification,Torch Logistic Regression,Bananas,0.5322327044025157,0.2618061309030654,0.05965232849121094,48.609118
3922,Binary classification,Torch Logistic Regression,Bananas,0.5336562978072412,0.25711960943856793,0.05965232849121094,51.141194
4028,Binary classification,Torch Logistic Regression,Bananas,0.5345084409136047,0.25239616613418525,0.05965232849121094,53.736323999999996
4134,Binary classification,Torch Logistic Regression,Bananas,0.5350749879051766,0.24774598196785572,0.05965232849121094,56.395964
4240,Binary classification,Torch Logistic Regression,Bananas,0.535377358490566,0.2500953107129241,0.05965232849121094,59.121856
4346,Binary classification,Torch Logistic Regression,Bananas,0.534054302807179,0.25497420781134855,0.05965232849121094,61.90667
4452,Binary classification,Torch Logistic Regression,Bananas,0.5350404312668463,0.25940523109996416,0.05965232849121094,64.74601
4558,Binary classification,Torch Logistic Regression,Bananas,0.5322509872751207,0.2579295921924016,0.05965232849121094,67.642116
4664,Binary classification,Torch Logistic Regression,Bananas,0.5323756432246999,0.2646860229574612,0.05965232849121094,70.599005
4770,Binary classification,Torch Logistic Regression,Bananas,0.5316561844863732,0.26732348111658455,0.05965232849121094,73.613944
4876,Binary classification,Torch Logistic Regression,Bananas,0.5315832649712879,0.26726630260199163,0.05965232849121094,76.686102
4982,Binary classification,Torch Logistic Regression,Bananas,0.5313127258129265,0.27215980024968794,0.05965232849121094,79.814373
5088,Binary classification,Torch Logistic Regression,Bananas,0.5294811320754716,0.2699236641221374,0.05965232849121094,82.999078
5194,Binary classification,Torch Logistic Regression,Bananas,0.5275317674239507,0.26726457399103143,0.05965232849121094,86.236966
5300,Binary classification,Torch Logistic Regression,Bananas,0.5273584905660378,0.2688486265341905,0.05965232849121094,89.528927
25,Binary classification,Torch MLP,Phishing,0.36,0.5294117647058824,0.06910896301269531,0.062123
50,Binary classification,Torch MLP,Phishing,0.38,0.5507246376811594,0.06910896301269531,0.147329
75,Binary classification,Torch MLP,Phishing,0.44,0.611111111111111,0.06910896301269531,0.256862
100,Binary classification,Torch MLP,Phishing,0.45,0.6206896551724138,0.06910896301269531,0.39248399999999994
125,Binary classification,Torch MLP,Phishing,0.456,0.6263736263736264,0.06910896301269531,0.5494089999999999
150,Binary classification,Torch MLP,Phishing,0.48,0.6486486486486486,0.06910896301269531,0.7284629999999999
175,Binary classification,Torch MLP,Phishing,0.4514285714285714,0.6220472440944882,0.06910896301269531,0.9297909999999998
200,Binary classification,Torch MLP,Phishing,0.455,0.6254295532646048,0.06910896301269531,1.1526189999999998
225,Binary classification,Torch MLP,Phishing,0.44,0.6111111111111112,0.06910896301269531,1.398078
250,Binary classification,Torch MLP,Phishing,0.448,0.6187845303867403,0.06910896301269531,1.6681849999999998
275,Binary classification,Torch MLP,Phishing,0.44,0.6111111111111112,0.06932258605957031,1.9595269999999998
300,Binary classification,Torch MLP,Phishing,0.43,0.6013986013986015,0.06932258605957031,2.273809
325,Binary classification,Torch MLP,Phishing,0.42153846153846153,0.5930735930735931,0.06932258605957031,2.610284
350,Binary classification,Torch MLP,Phishing,0.4142857142857143,0.5858585858585859,0.06932258605957031,2.972473
375,Binary classification,Torch MLP,Phishing,0.4106666666666667,0.5822306238185255,0.06932258605957031,3.365151
400,Binary classification,Torch MLP,Phishing,0.4075,0.5790408525754885,0.06932258605957031,3.7849
425,Binary classification,Torch MLP,Phishing,0.3976470588235294,0.569023569023569,0.06932258605957031,4.226761
450,Binary classification,Torch MLP,Phishing,0.3933333333333333,0.5645933014354066,0.06932258605957031,4.689378
475,Binary classification,Torch MLP,Phishing,0.40210526315789474,0.5735735735735735,0.06932258605957031,5.174471
500,Binary classification,Torch MLP,Phishing,0.41,0.5815602836879432,0.06932258605957031,5.686229
525,Binary classification,Torch MLP,Phishing,0.40190476190476193,0.5733695652173914,0.06932258605957031,6.228148
550,Binary classification,Torch MLP,Phishing,0.40545454545454546,0.5769728331177231,0.06932258605957031,6.800762
575,Binary classification,Torch MLP,Phishing,0.40347826086956523,0.5749690210656754,0.06932258605957031,7.40463
600,Binary classification,Torch MLP,Phishing,0.39666666666666667,0.568019093078759,0.06932258605957031,8.036693
625,Binary classification,Torch MLP,Phishing,0.3872,0.5582468281430218,0.06932258605957031,8.693242999999999
650,Binary classification,Torch MLP,Phishing,0.39384615384615385,0.565121412803532,0.06932258605957031,9.370797999999999
675,Binary classification,Torch MLP,Phishing,0.40296296296296297,0.5744456177402323,0.06932258605957031,10.070742
700,Binary classification,Torch MLP,Phishing,0.3985714285714286,0.5699693564862104,0.06932258605957031,10.792579
725,Binary classification,Torch MLP,Phishing,0.4068965517241379,0.5784313725490196,0.06932258605957031,11.534649
750,Binary classification,Torch MLP,Phishing,0.4093333333333333,0.5808893093661305,0.06932258605957031,12.296215
775,Binary classification,Torch MLP,Phishing,0.40903225806451615,0.5805860805860806,0.06932258605957031,13.078153
800,Binary classification,Torch MLP,Phishing,0.415,0.5865724381625442,0.06932258605957031,13.880439
825,Binary classification,Torch MLP,Phishing,0.41818181818181815,0.5897435897435898,0.06932258605957031,14.73286
850,Binary classification,Torch MLP,Phishing,0.4164705882352941,0.5880398671096345,0.06932258605957031,15.627142000000001
875,Binary classification,Torch MLP,Phishing,0.41485714285714287,0.5864297253634895,0.06932258605957031,16.600416000000003
900,Binary classification,Torch MLP,Phishing,0.41333333333333333,0.5849056603773585,0.06932258605957031,17.642134000000002
925,Binary classification,Torch MLP,Phishing,0.4172972972972973,0.5888634630053394,0.06932258605957031,18.711952000000004
950,Binary classification,Torch MLP,Phishing,0.4231578947368421,0.5946745562130178,0.06932258605957031,19.803865000000002
975,Binary classification,Torch MLP,Phishing,0.42256410256410254,0.59408795962509,0.06932258605957031,20.918373000000003
1000,Binary classification,Torch MLP,Phishing,0.423,0.5945186226282502,0.06932258605957031,22.057867
1025,Binary classification,Torch MLP,Phishing,0.42634146341463414,0.5978112175102599,0.06932258605957031,23.220339000000003
1050,Binary classification,Torch MLP,Phishing,0.42857142857142855,0.6,0.06932258605957031,24.405006000000004
1075,Binary classification,Torch MLP,Phishing,0.4306976744186046,0.6020806241872562,0.06932258605957031,25.611830000000005
1100,Binary classification,Torch MLP,Phishing,0.4318181818181818,0.6031746031746031,0.06932258605957031,26.839698000000006
1125,Binary classification,Torch MLP,Phishing,0.43644444444444447,0.6076732673267327,0.06932258605957031,28.090228000000007
1150,Binary classification,Torch MLP,Phishing,0.4356521739130435,0.6069049061175045,0.06932258605957031,29.365004000000006
1175,Binary classification,Torch MLP,Phishing,0.4348936170212766,0.6061684460260973,0.06932258605957031,30.664109000000007
1200,Binary classification,Torch MLP,Phishing,0.43333333333333335,0.6046511627906976,0.06932258605957031,31.985557000000007
1225,Binary classification,Torch MLP,Phishing,0.433469387755102,0.6047835990888383,0.06932258605957031,33.330107000000005
1250,Binary classification,Torch MLP,Phishing,0.4352,0.6064659977703456,0.06932258605957031,34.69623500000001
106,Binary classification,Torch MLP,Bananas,0.5,0.0,0.06794548034667969,0.13723
212,Binary classification,Torch MLP,Bananas,0.5330188679245284,0.0,0.06794548034667969,0.366877
318,Binary classification,Torch MLP,Bananas,0.5345911949685535,0.0,0.06797218322753906,0.685154
424,Binary classification,Torch MLP,Bananas,0.5424528301886793,0.0,0.06797218322753906,1.107429
530,Binary classification,Torch MLP,Bananas,0.5566037735849056,0.0,0.06797218322753906,1.6200299999999999
636,Binary classification,Torch MLP,Bananas,0.5566037735849056,0.0,0.06797218322753906,2.253027
742,Binary classification,Torch MLP,Bananas,0.5673854447439353,0.0,0.06797218322753906,2.9746989999999998
848,Binary classification,Torch MLP,Bananas,0.5648584905660378,0.0,0.06797218322753906,3.7779
954,Binary classification,Torch MLP,Bananas,0.5660377358490566,0.0,0.06797218322753906,4.820417
1060,Binary classification,Torch MLP,Bananas,0.5716981132075472,0.0,0.06797218322753906,5.952412
1166,Binary classification,Torch MLP,Bananas,0.5694682675814752,0.0,0.06797218322753906,7.174513
1272,Binary classification,Torch MLP,Bananas,0.565251572327044,0.0,0.06797218322753906,8.487999
1378,Binary classification,Torch MLP,Bananas,0.5689404934687954,0.0,0.06797218322753906,9.891721
1484,Binary classification,Torch MLP,Bananas,0.568733153638814,0.0,0.06797218322753906,11.382574
1590,Binary classification,Torch MLP,Bananas,0.5685534591194968,0.0,0.06797218322753906,12.991398
1696,Binary classification,Torch MLP,Bananas,0.5689858490566038,0.0,0.06797218322753906,14.694793
1802,Binary classification,Torch MLP,Bananas,0.564927857935627,0.0,0.06797218322753906,16.481202
1908,Binary classification,Torch MLP,Bananas,0.560796645702306,0.0,0.06797218322753906,18.344036
2014,Binary classification,Torch MLP,Bananas,0.5556107249255213,0.0,0.06797218322753906,20.284049
2120,Binary classification,Torch MLP,Bananas,0.5514150943396227,0.0,0.06797218322753906,22.308609999999998
2226,Binary classification,Torch MLP,Bananas,0.5516621743036837,0.0,0.06797218322753906,24.412905
2332,Binary classification,Torch MLP,Bananas,0.5510291595197255,0.0,0.06797218322753906,26.59445
2438,Binary classification,Torch MLP,Bananas,0.5520918785890074,0.0,0.06797218322753906,28.854105999999998
2544,Binary classification,Torch MLP,Bananas,0.5491352201257862,0.0,0.06797218322753906,31.190063
2650,Binary classification,Torch MLP,Bananas,0.5471698113207547,0.0,0.06797218322753906,33.602472
2756,Binary classification,Torch MLP,Bananas,0.5475326560232221,0.0,0.06797218322753906,36.10598
2862,Binary classification,Torch MLP,Bananas,0.549266247379455,0.0,0.06797218322753906,38.700518
2968,Binary classification,Torch MLP,Bananas,0.5508760107816711,0.0,0.06797218322753906,41.388850000000005
3074,Binary classification,Torch MLP,Bananas,0.5491216655823032,0.0,0.06797218322753906,44.161332
3180,Binary classification,Torch MLP,Bananas,0.5512578616352202,0.0,0.06797218322753906,47.013552000000004
3286,Binary classification,Torch MLP,Bananas,0.55203895313451,0.0,0.06797218322753906,49.94345200000001
3392,Binary classification,Torch MLP,Bananas,0.5501179245283019,0.0,0.06797218322753906,52.95767400000001
3498,Binary classification,Torch MLP,Bananas,0.551743853630646,0.0,0.06797218322753906,56.05263800000001
3604,Binary classification,Torch MLP,Bananas,0.5538290788013318,0.0,0.06797218322753906,59.22608400000001
3710,Binary classification,Torch MLP,Bananas,0.5525606469002695,0.0,0.06797218322753906,62.475257000000006
3816,Binary classification,Torch MLP,Bananas,0.5518867924528302,0.0,0.06797218322753906,65.79782200000001
3922,Binary classification,Torch MLP,Bananas,0.5527791942886282,0.0,0.06797218322753906,69.20045200000001
4028,Binary classification,Torch MLP,Bananas,0.5531281032770605,0.0,0.06797218322753906,72.683839
4134,Binary classification,Torch MLP,Bananas,0.5532172230285438,0.0,0.06797218322753906,76.239406
4240,Binary classification,Torch MLP,Bananas,0.5525943396226415,0.0,0.06797218322753906,79.86905
4346,Binary classification,Torch MLP,Bananas,0.5529222273354809,0.0,0.06797218322753906,83.60877
4452,Binary classification,Torch MLP,Bananas,0.5532345013477089,0.0,0.06797218322753906,87.558947
4558,Binary classification,Torch MLP,Bananas,0.5511189118034225,0.0,0.06797218322753906,91.610258
4664,Binary classification,Torch MLP,Bananas,0.5499571183533448,0.0,0.06797218322753906,95.75375700000001
4770,Binary classification,Torch MLP,Bananas,0.550733752620545,0.0,0.06797218322753906,99.984317
4876,Binary classification,Torch MLP,Bananas,0.5520918785890074,0.0,0.06797218322753906,104.310174
4982,Binary classification,Torch MLP,Bananas,0.551184263348053,0.0,0.06797218322753906,108.718495
5088,Binary classification,Torch MLP,Bananas,0.5512971698113207,0.0,0.06797218322753906,113.21179500000001
5194,Binary classification,Torch MLP,Bananas,0.5515979976896419,0.0,0.06797218322753906,117.789382
5300,Binary classification,Torch MLP,Bananas,0.5515094339622642,0.0,0.06797218322753906,122.442628
25,Binary classification,Torch LSTM,Phishing,0.5,0.6666666666666666,0.08641719818115234,0.07714
50,Binary classification,Torch LSTM,Phishing,0.4489795918367347,0.6197183098591549,0.08641719818115234,0.23261300000000001
75,Binary classification,Torch LSTM,Phishing,0.4864864864864865,0.6545454545454547,0.08641719818115234,0.451828
100,Binary classification,Torch LSTM,Phishing,0.48484848484848486,0.653061224489796,0.08692073822021484,0.734958
125,Binary classification,Torch LSTM,Phishing,0.4838709677419355,0.6521739130434783,0.08641719818115234,1.08338
150,Binary classification,Torch LSTM,Phishing,0.5033557046979866,0.6696428571428572,0.08641719818115234,1.5022739999999999
175,Binary classification,Torch LSTM,Phishing,0.47126436781609193,0.640625,0.08641719818115234,1.9801339999999998
200,Binary classification,Torch LSTM,Phishing,0.4723618090452261,0.6416382252559727,0.08641719818115234,2.539596
225,Binary classification,Torch LSTM,Phishing,0.45535714285714285,0.6257668711656442,0.08692073822021484,3.1792
250,Binary classification,Torch LSTM,Phishing,0.46184738955823296,0.631868131868132,0.08641719818115234,3.8796109999999997
275,Binary classification,Torch LSTM,Phishing,0.45255474452554745,0.6231155778894472,0.08663082122802734,4.638553
300,Binary classification,Torch LSTM,Phishing,0.4414715719063545,0.6125290023201856,0.08663082122802734,5.47421
325,Binary classification,Torch LSTM,Phishing,0.43209876543209874,0.603448275862069,0.08663082122802734,6.496040000000001
350,Binary classification,Torch LSTM,Phishing,0.42406876790830944,0.5955734406438632,0.08663082122802734,7.594184
375,Binary classification,Torch LSTM,Phishing,0.4197860962566845,0.591337099811676,0.08663082122802734,8.75646
400,Binary classification,Torch LSTM,Phishing,0.41604010025062654,0.5876106194690265,0.08663082122802734,9.980307
425,Binary classification,Torch LSTM,Phishing,0.4056603773584906,0.5771812080536913,0.08713436126708984,11.273567
450,Binary classification,Torch LSTM,Phishing,0.40089086859688194,0.5723370429252782,0.08663082122802734,12.628852
475,Binary classification,Torch LSTM,Phishing,0.4092827004219409,0.5808383233532933,0.08663082122802734,14.043346
500,Binary classification,Torch LSTM,Phishing,0.4168336673346693,0.5884016973125884,0.08663082122802734,15.523189
525,Binary classification,Torch LSTM,Phishing,0.4083969465648855,0.5799457994579946,0.08663082122802734,17.074252
550,Binary classification,Torch LSTM,Phishing,0.4116575591985428,0.5832258064516129,0.08713436126708984,18.712851
575,Binary classification,Torch LSTM,Phishing,0.4094076655052265,0.580964153275649,0.08663082122802734,20.410233
600,Binary classification,Torch LSTM,Phishing,0.4023372287145242,0.5738095238095239,0.08663082122802734,22.16174
625,Binary classification,Torch LSTM,Phishing,0.3926282051282051,0.5638665132336018,0.08663082122802734,23.969416000000002
650,Binary classification,Torch LSTM,Phishing,0.39907550077041604,0.5704845814977973,0.08663082122802734,25.827978
675,Binary classification,Torch LSTM,Phishing,0.40801186943620177,0.5795574288724973,0.08713436126708984,27.737912
700,Binary classification,Torch LSTM,Phishing,0.4034334763948498,0.5749235474006117,0.08663082122802734,29.704404
725,Binary classification,Torch LSTM,Phishing,0.4116022099447514,0.5831702544031311,0.08663082122802734,31.728613
750,Binary classification,Torch LSTM,Phishing,0.41388518024032045,0.5854579792256847,0.08663082122802734,33.806882
775,Binary classification,Torch LSTM,Phishing,0.4134366925064599,0.5850091407678245,0.08663082122802734,35.937367
800,Binary classification,Torch LSTM,Phishing,0.4192740926157697,0.5908289241622575,0.08663082122802734,38.120033
825,Binary classification,Torch LSTM,Phishing,0.4223300970873786,0.5938566552901023,0.08663082122802734,40.354922
850,Binary classification,Torch LSTM,Phishing,0.4204946996466431,0.592039800995025,0.08663082122802734,42.642256
875,Binary classification,Torch LSTM,Phishing,0.41876430205949655,0.5903225806451613,0.08663082122802734,44.980584
900,Binary classification,Torch LSTM,Phishing,0.41713014460511677,0.5886970172684458,0.08663082122802734,47.370308
925,Binary classification,Torch LSTM,Phishing,0.420995670995671,0.5925361766945925,0.08663082122802734,49.811674000000004
950,Binary classification,Torch LSTM,Phishing,0.4267650158061117,0.5982274741506648,0.08663082122802734,52.323516000000005
975,Binary classification,Torch LSTM,Phishing,0.4260780287474333,0.597552195824334,0.08663082122802734,54.896117000000004
1000,Binary classification,Torch LSTM,Phishing,0.4264264264264264,0.5978947368421053,0.08713436126708984,57.533515
1025,Binary classification,Torch LSTM,Phishing,0.4296875,0.6010928961748634,0.08663082122802734,60.23368
1050,Binary classification,Torch LSTM,Phishing,0.43183984747378457,0.6031957390146472,0.08663082122802734,62.994403
1075,Binary classification,Torch LSTM,Phishing,0.4338919925512104,0.6051948051948052,0.08663082122802734,65.806649
1100,Binary classification,Torch LSTM,Phishing,0.4349408553230209,0.6062143310082434,0.08663082122802734,68.67266599999999
1125,Binary classification,Torch LSTM,Phishing,0.4395017793594306,0.6106304079110012,0.08713436126708984,71.59181
1150,Binary classification,Torch LSTM,Phishing,0.4386422976501306,0.6098003629764066,0.08663082122802734,74.572683
1175,Binary classification,Torch LSTM,Phishing,0.43781942078364566,0.6090047393364929,0.08663082122802734,77.606607
1200,Binary classification,Torch LSTM,Phishing,0.4361968306922435,0.6074332171893148,0.08663082122802734,80.69362199999999
1225,Binary classification,Torch LSTM,Phishing,0.4362745098039216,0.6075085324232082,0.08663082122802734,83.833317
1250,Binary classification,Torch LSTM,Phishing,0.4379503602882306,0.60913140311804,0.08713436126708984,87.02491599999999
106,Binary classification,Torch LSTM,Bananas,0.5047619047619047,0.0,0.0831441879272461,0.284793
212,Binary classification,Torch LSTM,Bananas,0.5355450236966824,0.0,0.0831441879272461,0.860921
318,Binary classification,Torch LSTM,Bananas,0.5362776025236593,0.0,0.08317089080810547,1.739711
424,Binary classification,Torch LSTM,Bananas,0.5437352245862884,0.0,0.08367443084716797,2.988644
530,Binary classification,Torch LSTM,Bananas,0.55765595463138,0.0,0.08317089080810547,4.494091
636,Binary classification,Torch LSTM,Bananas,0.5574803149606299,0.0,0.08317089080810547,6.281682
742,Binary classification,Torch LSTM,Bananas,0.5681511470985156,0.0,0.08367443084716797,8.29027
848,Binary classification,Torch LSTM,Bananas,0.5655253837072018,0.0,0.08317089080810547,10.517703
954,Binary classification,Torch LSTM,Bananas,0.5666316894018888,0.0,0.08317089080810547,12.956035
1060,Binary classification,Torch LSTM,Bananas,0.5722379603399433,0.0,0.08367443084716797,15.656657
1166,Binary classification,Torch LSTM,Bananas,0.5699570815450644,0.0,0.08317089080810547,18.580052
1272,Binary classification,Torch LSTM,Bananas,0.5656963021243115,0.0,0.08317089080810547,21.726602
1378,Binary classification,Torch LSTM,Bananas,0.5693536673928831,0.0,0.08367443084716797,25.085723
1484,Binary classification,Torch LSTM,Bananas,0.5691166554281861,0.0,0.08317089080810547,28.655528
1590,Binary classification,Torch LSTM,Bananas,0.5689112649465072,0.0,0.08317089080810547,32.621676
1696,Binary classification,Torch LSTM,Bananas,0.5693215339233039,0.0,0.08317089080810547,36.846931
1802,Binary classification,Torch LSTM,Bananas,0.5652415324819545,0.0,0.08317089080810547,41.318684999999995
1908,Binary classification,Torch LSTM,Bananas,0.5610907184058731,0.0,0.08317089080810547,46.006612999999994
2014,Binary classification,Torch LSTM,Bananas,0.555886736214605,0.0,0.08317089080810547,50.88434899999999
2120,Binary classification,Torch LSTM,Bananas,0.5516753185464842,0.0,0.08317089080810547,55.97706199999999
2226,Binary classification,Torch LSTM,Bananas,0.5519101123595506,0.0,0.08317089080810547,61.28005499999999
2332,Binary classification,Torch LSTM,Bananas,0.5512655512655512,0.0,0.08317089080810547,66.788304
2438,Binary classification,Torch LSTM,Bananas,0.5523184242921625,0.0,0.08317089080810547,72.499647
2544,Binary classification,Torch LSTM,Bananas,0.5493511600471883,0.0,0.08317089080810547,78.430087
2650,Binary classification,Torch LSTM,Bananas,0.5473763684409211,0.0,0.08317089080810547,84.578591
2756,Binary classification,Torch LSTM,Bananas,0.5477313974591651,0.0,0.08317089080810547,90.931723
2862,Binary classification,Torch LSTM,Bananas,0.5494582313876267,0.0,0.08317089080810547,97.47919800000001
2968,Binary classification,Torch LSTM,Bananas,0.5510616784630941,0.0,0.08317089080810547,104.21797200000002
3074,Binary classification,Torch LSTM,Bananas,0.5493003579563944,0.0,0.08317089080810547,111.16258500000002
3180,Binary classification,Torch LSTM,Bananas,0.5514312676942434,0.0,0.08317089080810547,118.32431600000002
3286,Binary classification,Torch LSTM,Bananas,0.55220700152207,0.0,0.08317089080810547,125.71119400000002
3392,Binary classification,Torch LSTM,Bananas,0.5502801533470952,0.0,0.08317089080810547,133.30526400000002
3498,Binary classification,Torch LSTM,Bananas,0.5519016299685444,0.0,0.08317089080810547,141.09252100000003
3604,Binary classification,Torch LSTM,Bananas,0.5539827921176798,0.0,0.08317089080810547,149.10406800000004
3710,Binary classification,Torch LSTM,Bananas,0.5527096252359126,0.0,0.08317089080810547,157.32731000000004
3816,Binary classification,Torch LSTM,Bananas,0.5520314547837484,0.0,0.08367443084716797,165.73757800000004
3922,Binary classification,Torch LSTM,Bananas,0.5529201734251467,0.0,0.08317089080810547,174.34054000000003
4028,Binary classification,Torch LSTM,Bananas,0.5532654581574373,0.0,0.08317089080810547,183.14140600000002
4134,Binary classification,Torch LSTM,Bananas,0.5533510766997338,0.0,0.08367443084716797,192.159512
4240,Binary classification,Torch LSTM,Bananas,0.5527246992215145,0.0,0.08317089080810547,201.384658
4346,Binary classification,Torch LSTM,Bananas,0.5530494821634062,0.0,0.08317089080810547,210.802486
4452,Binary classification,Torch LSTM,Bananas,0.55335879577623,0.0,0.08367443084716797,220.424543
4558,Binary classification,Torch LSTM,Bananas,0.5512398507790213,0.0,0.08317089080810547,230.258573
4664,Binary classification,Torch LSTM,Bananas,0.5500750589749088,0.0,0.08317089080810547,240.302762
4770,Binary classification,Torch LSTM,Bananas,0.5508492346403858,0.0,0.08367443084716797,250.548506
4876,Binary classification,Torch LSTM,Bananas,0.5522051282051282,0.0,0.08317089080810547,260.984627
4982,Binary classification,Torch LSTM,Bananas,0.5512949206986549,0.0,0.08317089080810547,271.615177
5088,Binary classification,Torch LSTM,Bananas,0.5514055435423629,0.0,0.08317089080810547,282.44914600000004
5194,Binary classification,Torch LSTM,Bananas,0.5517042172154824,0.0,0.08317089080810547,293.479776
5300,Binary classification,Torch LSTM,Bananas,0.5516135119833931,0.0,0.08317089080810547,304.70264000000003
25,Binary classification,[baseline] Last Class,Phishing,0.625,0.64,0.0005102157592773438,0.001675
50,Binary classification,[baseline] Last Class,Phishing,0.6530612244897959,0.6222222222222223,0.0005102157592773438,0.004808
75,Binary classification,[baseline] Last Class,Phishing,0.5675675675675675,0.5555555555555556,0.0005102157592773438,0.009419
100,Binary classification,[baseline] Last Class,Phishing,0.5555555555555556,0.5416666666666666,0.0005102157592773438,0.014965
125,Binary classification,[baseline] Last Class,Phishing,0.5241935483870968,0.5123966942148761,0.0005102157592773438,0.021783
150,Binary classification,[baseline] Last Class,Phishing,0.5234899328859061,0.5298013245033113,0.0005102157592773438,0.030326
175,Binary classification,[baseline] Last Class,Phishing,0.5229885057471264,0.496969696969697,0.0005102157592773438,0.040674
200,Binary classification,[baseline] Last Class,Phishing,0.507537688442211,0.47872340425531923,0.0005102157592773438,0.052807
225,Binary classification,[baseline] Last Class,Phishing,0.5,0.45098039215686275,0.0005102157592773438,0.06629
250,Binary classification,[baseline] Last Class,Phishing,0.5180722891566265,0.4782608695652174,0.0005102157592773438,0.081107
275,Binary classification,[baseline] Last Class,Phishing,0.5218978102189781,0.4738955823293172,0.0005102157592773438,0.097547
300,Binary classification,[baseline] Last Class,Phishing,0.5217391304347826,0.460377358490566,0.0005102157592773438,0.115088
325,Binary classification,[baseline] Last Class,Phishing,0.5216049382716049,0.44839857651245546,0.0005102157592773438,0.134002
350,Binary classification,[baseline] Last Class,Phishing,0.5329512893982808,0.4511784511784511,0.0005102157592773438,0.153804
375,Binary classification,[baseline] Last Class,Phishing,0.5267379679144385,0.4380952380952381,0.0005102157592773438,0.174493
400,Binary classification,[baseline] Last Class,Phishing,0.5263157894736842,0.43243243243243246,0.0005102157592773438,0.19634400000000002
425,Binary classification,[baseline] Last Class,Phishing,0.5424528301886793,0.436046511627907,0.0005102157592773438,0.21982700000000002
450,Binary classification,[baseline] Last Class,Phishing,0.5367483296213809,0.4222222222222222,0.0005102157592773438,0.24470600000000003
475,Binary classification,[baseline] Last Class,Phishing,0.5358649789029536,0.43298969072164945,0.0005102157592773438,0.270884
500,Binary classification,[baseline] Last Class,Phishing,0.5370741482965932,0.44604316546762596,0.0005102157592773438,0.297999
525,Binary classification,[baseline] Last Class,Phishing,0.5400763358778626,0.43822843822843827,0.0005102157592773438,0.32588
550,Binary classification,[baseline] Last Class,Phishing,0.5391621129326047,0.44150110375275936,0.0005102157592773438,0.354516
575,Binary classification,[baseline] Last Class,Phishing,0.5418118466898955,0.4416135881104034,0.0005102157592773438,0.384123
600,Binary classification,[baseline] Last Class,Phishing,0.5509181969949917,0.443064182194617,0.0005102157592773438,0.415246
625,Binary classification,[baseline] Last Class,Phishing,0.5560897435897436,0.43584521384928715,0.0005102157592773438,0.447885
650,Binary classification,[baseline] Last Class,Phishing,0.551617873651772,0.4393063583815029,0.0005102157592773438,0.48200899999999997
675,Binary classification,[baseline] Last Class,Phishing,0.5459940652818991,0.44363636363636366,0.0005102157592773438,0.5175759999999999
700,Binary classification,[baseline] Last Class,Phishing,0.5464949928469242,0.4389380530973452,0.0005102157592773438,0.554557
725,Binary classification,[baseline] Last Class,Phishing,0.5441988950276243,0.44630872483221484,0.0005102157592773438,0.593108
750,Binary classification,[baseline] Last Class,Phishing,0.5367156208277704,0.44122383252818037,0.0005102157592773438,0.6330589999999999
775,Binary classification,[baseline] Last Class,Phishing,0.5310077519379846,0.43369734789391573,0.0005102157592773438,0.674059
800,Binary classification,[baseline] Last Class,Phishing,0.5294117647058824,0.4388059701492537,0.0005102157592773438,0.715827
825,Binary classification,[baseline] Last Class,Phishing,0.5266990291262136,0.43965517241379315,0.0005102157592773438,0.758338
850,Binary classification,[baseline] Last Class,Phishing,0.5241460541813898,0.4341736694677871,0.0005102157592773438,0.8016139999999999
875,Binary classification,[baseline] Last Class,Phishing,0.522883295194508,0.4311050477489768,0.0005102157592773438,0.8458119999999999
900,Binary classification,[baseline] Last Class,Phishing,0.5272525027808677,0.4340878828229028,0.0005102157592773438,0.891492
925,Binary classification,[baseline] Last Class,Phishing,0.5227272727272727,0.43388960205391536,0.0005102157592773438,0.9381879999999999
950,Binary classification,[baseline] Last Class,Phishing,0.5205479452054794,0.43896424167694204,0.0005102157592773438,0.9856419999999999
975,Binary classification,[baseline] Last Class,Phishing,0.5174537987679672,0.43373493975903615,0.0005102157592773438,1.03396
1000,Binary classification,[baseline] Last Class,Phishing,0.5185185185185185,0.4361078546307151,0.0005102157592773438,1.083041
1025,Binary classification,[baseline] Last Class,Phishing,0.517578125,0.43863636363636366,0.0005102157592773438,1.132925
1050,Binary classification,[baseline] Last Class,Phishing,0.5138226882745471,0.4370860927152318,0.0005102157592773438,1.183578
1075,Binary classification,[baseline] Last Class,Phishing,0.5111731843575419,0.43729903536977494,0.0005102157592773438,1.234981
1100,Binary classification,[baseline] Last Class,Phishing,0.5122838944494995,0.4393305439330544,0.0005102157592773438,1.287881
1125,Binary classification,[baseline] Last Class,Phishing,0.5124555160142349,0.44534412955465585,0.0005102157592773438,1.34229
1150,Binary classification,[baseline] Last Class,Phishing,0.5143603133159269,0.44642857142857145,0.0005102157592773438,1.398209
1175,Binary classification,[baseline] Last Class,Phishing,0.5187393526405452,0.4509232264334305,0.0005102157592773438,1.455715
1200,Binary classification,[baseline] Last Class,Phishing,0.5187656380316931,0.448901623686724,0.0005102157592773438,1.514833
1225,Binary classification,[baseline] Last Class,Phishing,0.5171568627450981,0.4471468662301216,0.0005102157592773438,1.575458
1250,Binary classification,[baseline] Last Class,Phishing,0.5156124899919936,0.4474885844748858,0.0005102157592773438,1.637292
106,Binary classification,[baseline] Last Class,Bananas,0.5333333333333333,0.5242718446601942,0.0005102157592773438,0.005672
212,Binary classification,[baseline] Last Class,Bananas,0.5876777251184834,0.5538461538461539,0.0005102157592773438,0.015421
318,Binary classification,[baseline] Last Class,Bananas,0.5457413249211357,0.5102040816326531,0.0005102157592773438,0.028315
424,Binary classification,[baseline] Last Class,Bananas,0.5460992907801419,0.5025906735751295,0.0005102157592773438,0.044117
530,Binary classification,[baseline] Last Class,Bananas,0.5671077504725898,0.5096359743040686,0.0005102157592773438,0.062295
636,Binary classification,[baseline] Last Class,Bananas,0.5464566929133858,0.4875444839857651,0.0005102157592773438,0.083633
742,Binary classification,[baseline] Last Class,Bananas,0.5573549257759784,0.4875,0.0005102157592773438,0.10700699999999999
848,Binary classification,[baseline] Last Class,Bananas,0.5501770956316411,0.4816326530612245,0.0005102157592773438,0.132332
954,Binary classification,[baseline] Last Class,Bananas,0.5487932843651626,0.4794188861985472,0.0005102157592773438,0.159732
1060,Binary classification,[baseline] Last Class,Bananas,0.5448536355051936,0.46799116997792495,0.0005102157592773438,0.190951
1166,Binary classification,[baseline] Last Class,Bananas,0.534763948497854,0.4590818363273453,0.0005102157592773438,0.22613
1272,Binary classification,[baseline] Last Class,Bananas,0.5287175452399685,0.456935630099728,0.0005102157592773438,0.264245
1378,Binary classification,[baseline] Last Class,Bananas,0.5286855482933914,0.45232067510548524,0.0005102157592773438,0.305935
1484,Binary classification,[baseline] Last Class,Bananas,0.5252865812542145,0.44913928012519555,0.0005102157592773438,0.349862
1590,Binary classification,[baseline] Last Class,Bananas,0.5204531151667715,0.4437956204379563,0.0005102157592773438,0.395888
1696,Binary classification,[baseline] Last Class,Bananas,0.5227138643067847,0.4455106237148732,0.0005102157592773438,0.444068
1802,Binary classification,[baseline] Last Class,Bananas,0.524153248195447,0.4523961661341854,0.0005102157592773438,0.494412
1908,Binary classification,[baseline] Last Class,Bananas,0.5233350812794966,0.456664674237896,0.0005102157592773438,0.547642
2014,Binary classification,[baseline] Last Class,Bananas,0.5171385991058122,0.4563758389261745,0.0005102157592773438,0.602783
2120,Binary classification,[baseline] Last Class,Bananas,0.5143935818782445,0.45813586097946285,0.0005102157592773438,0.6597679999999999
2226,Binary classification,[baseline] Last Class,Bananas,0.5114606741573033,0.45459106874059213,0.0005102157592773438,0.7187039999999999
2332,Binary classification,[baseline] Last Class,Bananas,0.510939510939511,0.45506692160611856,0.0005102157592773438,0.7807509999999999
2438,Binary classification,[baseline] Last Class,Bananas,0.5104636848584325,0.4530032095369097,0.0005102157592773438,0.8447089999999998
2544,Binary classification,[baseline] Last Class,Bananas,0.5084545812033032,0.45462478184991273,0.0005102157592773438,0.9126659999999999
2650,Binary classification,[baseline] Last Class,Bananas,0.5096262740656852,0.458072590738423,0.0005102157592773438,0.9829699999999999
2756,Binary classification,[baseline] Last Class,Bananas,0.5092558983666061,0.45746388443017655,0.0005102157592773438,1.056916
2862,Binary classification,[baseline] Last Class,Bananas,0.5103110800419434,0.4563445867287544,0.0005102157592773438,1.134855
2968,Binary classification,[baseline] Last Class,Bananas,0.5133131108864173,0.457957957957958,0.0005102157592773438,1.216677
3074,Binary classification,[baseline] Last Class,Bananas,0.5099251545720794,0.4563176895306859,0.0005102157592773438,1.302038
3180,Binary classification,[baseline] Last Class,Bananas,0.5102233406731677,0.45387583304103823,0.0005102157592773438,1.3895790000000001
3286,Binary classification,[baseline] Last Class,Bananas,0.5095890410958904,0.45222713362801764,0.0005102157592773438,1.479119
3392,Binary classification,[baseline] Last Class,Bananas,0.5107637864936597,0.4558871761233191,0.0005102157592773438,1.570739
3498,Binary classification,[baseline] Last Class,Bananas,0.5124392336288247,0.45579316948611553,0.0005102157592773438,1.6642350000000001
3604,Binary classification,[baseline] Last Class,Bananas,0.5134610047182903,0.45440398381574854,0.0005102157592773438,1.7596
3710,Binary classification,[baseline] Last Class,Bananas,0.5122674575357239,0.4546276756104914,0.0005102157592773438,1.857614
3816,Binary classification,[baseline] Last Class,Bananas,0.510615989515072,0.4536142815335089,0.0005102157592773438,1.958922
3922,Binary classification,[baseline] Last Class,Bananas,0.5090538128028564,0.45078459343794575,0.0005102157592773438,2.063592
4028,Binary classification,[baseline] Last Class,Bananas,0.5108020859200397,0.45247359644246804,0.0005102157592773438,2.171386
4134,Binary classification,[baseline] Last Class,Bananas,0.5102830873457537,0.4517876489707476,0.0005102157592773438,2.2822620000000002
4240,Binary classification,[baseline] Last Class,Bananas,0.5102618542108988,0.4525316455696203,0.0005102157592773438,2.396144
4346,Binary classification,[baseline] Last Class,Bananas,0.5074798619102416,0.4490216271884655,0.0005102157592773438,2.513648
4452,Binary classification,[baseline] Last Class,Bananas,0.5099977533138621,0.45132075471698113,0.0005102157592773438,2.633318
4558,Binary classification,[baseline] Last Class,Bananas,0.5099846390168971,0.45390070921985815,0.0005102157592773438,2.75529
4664,Binary classification,[baseline] Last Class,Bananas,0.5099721209521767,0.4553039332538737,0.0005102157592773438,2.879438
4770,Binary classification,[baseline] Last Class,Bananas,0.5110085971901867,0.4556489262371615,0.0005102157592773438,3.006252
4876,Binary classification,[baseline] Last Class,Bananas,0.5109743589743589,0.4539624370132845,0.0005102157592773438,3.135723
4982,Binary classification,[baseline] Last Class,Bananas,0.5099377635013049,0.45379279480868207,0.0005102157592773438,3.268112
5088,Binary classification,[baseline] Last Class,Bananas,0.5099272655789266,0.45364891518737677,0.0005102157592773438,3.403329
5194,Binary classification,[baseline] Last Class,Bananas,0.5097246293086848,0.4531786941580756,0.0005102157592773438,3.541598
5300,Binary classification,[baseline] Last Class,Bananas,0.5095301000188714,0.4529572721532309,0.0005102157592773438,3.684116
