step,track,model,dataset,Accuracy,MicroF1,MacroF1,Memory in Mb,Time in s
46,Multiclass classification,Torch Logistic Regression,ImageSegments,0.15217391304347827,0.15217391304347827,0.05925925925925925,0.0631418228149414,0.089603
92,Multiclass classification,Torch Logistic Regression,ImageSegments,0.25,0.25,0.08790123456790123,0.0631418228149414,0.21805600000000003
138,Multiclass classification,Torch Logistic Regression,ImageSegments,0.2318840579710145,0.2318840579710145,0.08072986203827326,0.0631418228149414,0.379128
184,Multiclass classification,Torch Logistic Regression,ImageSegments,0.2717391304347826,0.2717391304347826,0.09296198137040654,0.0631418228149414,0.573269
230,Multiclass classification,Torch Logistic Regression,ImageSegments,0.26521739130434785,0.26521739130434785,0.09187615503404978,0.0631418228149414,0.810315
276,Multiclass classification,Torch Logistic Regression,ImageSegments,0.27898550724637683,0.27898550724637683,0.09583009583009583,0.06359577178955078,1.086031
322,Multiclass classification,Torch Logistic Regression,ImageSegments,0.2732919254658385,0.2732919254658385,0.09429703335175971,0.06359577178955078,1.397662
368,Multiclass classification,Torch Logistic Regression,ImageSegments,0.25815217391304346,0.25815217391304346,0.08989603113275549,0.06359577178955078,1.744864
414,Multiclass classification,Torch Logistic Regression,ImageSegments,0.26811594202898553,0.26811594202898553,0.09268825254226715,0.06359577178955078,2.130935
460,Multiclass classification,Torch Logistic Regression,ImageSegments,0.26521739130434785,0.26521739130434785,0.09161690668539985,0.06359577178955078,2.553197
506,Multiclass classification,Torch Logistic Regression,ImageSegments,0.25889328063241107,0.25889328063241107,0.08999623994878661,0.06359577178955078,3.012553
552,Multiclass classification,Torch Logistic Regression,ImageSegments,0.2536231884057971,0.2536231884057971,0.08863564419119975,0.06359577178955078,3.510935
598,Multiclass classification,Torch Logistic Regression,ImageSegments,0.25752508361204013,0.25752508361204013,0.08984415663941703,0.06359577178955078,4.04749
644,Multiclass classification,Torch Logistic Regression,ImageSegments,0.2608695652173913,0.2608695652173913,0.09102079849202542,0.06359577178955078,4.620179
690,Multiclass classification,Torch Logistic Regression,ImageSegments,0.2608695652173913,0.2608695652173913,0.09105049116624207,0.06359577178955078,5.229103
736,Multiclass classification,Torch Logistic Regression,ImageSegments,0.26222826086956524,0.26222826086956524,0.09147378294151462,0.06359577178955078,5.875358
782,Multiclass classification,Torch Logistic Regression,ImageSegments,0.2659846547314578,0.2659846547314578,0.09259170300626803,0.06359577178955078,6.560692
828,Multiclass classification,Torch Logistic Regression,ImageSegments,0.2693236714975845,0.2693236714975845,0.09355472533554725,0.06359577178955078,7.287632
874,Multiclass classification,Torch Logistic Regression,ImageSegments,0.26887871853546913,0.26887871853546913,0.0934640522875817,0.06359577178955078,8.051175
920,Multiclass classification,Torch Logistic Regression,ImageSegments,0.2717391304347826,0.2717391304347826,0.09422187008393906,0.06359577178955078,8.85144
966,Multiclass classification,Torch Logistic Regression,ImageSegments,0.2691511387163561,0.2691511387163561,0.09359128989334624,0.06359577178955078,9.687499
1012,Multiclass classification,Torch Logistic Regression,ImageSegments,0.2766798418972332,0.2766798418972332,0.09565529585341374,0.06359577178955078,10.565689
1058,Multiclass classification,Torch Logistic Regression,ImageSegments,0.2731568998109641,0.2731568998109641,0.09474813115868162,0.06359577178955078,11.482271
1104,Multiclass classification,Torch Logistic Regression,ImageSegments,0.27355072463768115,0.27355072463768115,0.09490250319743407,0.06359577178955078,12.436721
1150,Multiclass classification,Torch Logistic Regression,ImageSegments,0.2782608695652174,0.2782608695652174,0.09620847618305543,0.06359577178955078,13.429461
1196,Multiclass classification,Torch Logistic Regression,ImageSegments,0.27759197324414714,0.27759197324414714,0.09602864326238333,0.06359577178955078,14.459003
1242,Multiclass classification,Torch Logistic Regression,ImageSegments,0.27697262479871176,0.27697262479871176,0.0958329667751679,0.06359577178955078,15.524189999999999
1288,Multiclass classification,Torch Logistic Regression,ImageSegments,0.2748447204968944,0.2748447204968944,0.09524804633079963,0.06359577178955078,16.624751
1334,Multiclass classification,Torch Logistic Regression,ImageSegments,0.2766116941529235,0.2766116941529235,0.09577927830920337,0.06359577178955078,17.764625
1380,Multiclass classification,Torch Logistic Regression,ImageSegments,0.2797101449275362,0.2797101449275362,0.09662428709902843,0.06359577178955078,18.938371
1426,Multiclass classification,Torch Logistic Regression,ImageSegments,0.2805049088359046,0.2805049088359046,0.0968490863202985,0.06359577178955078,20.149207
1472,Multiclass classification,Torch Logistic Regression,ImageSegments,0.27921195652173914,0.27921195652173914,0.09652823019265686,0.06359577178955078,21.394257
1518,Multiclass classification,Torch Logistic Regression,ImageSegments,0.2779973649538867,0.2779973649538867,0.09623745326096923,0.06359577178955078,22.681203
1564,Multiclass classification,Torch Logistic Regression,ImageSegments,0.27877237851662406,0.27877237851662406,0.09646451595301657,0.06359577178955078,24.003504
1610,Multiclass classification,Torch Logistic Regression,ImageSegments,0.277639751552795,0.277639751552795,0.0961840275567968,0.06359577178955078,25.36387
1656,Multiclass classification,Torch Logistic Regression,ImageSegments,0.27717391304347827,0.27717391304347827,0.09606553622695678,0.06359577178955078,26.760800999999997
1702,Multiclass classification,Torch Logistic Regression,ImageSegments,0.2796709753231492,0.2796709753231492,0.09676540166082799,0.06359577178955078,28.193208
1748,Multiclass classification,Torch Logistic Regression,ImageSegments,0.2780320366132723,0.2780320366132723,0.09633370625577395,0.06359577178955078,29.661559999999998
1794,Multiclass classification,Torch Logistic Regression,ImageSegments,0.2792642140468227,0.2792642140468227,0.09663725096938093,0.06359577178955078,31.166674999999998
1840,Multiclass classification,Torch Logistic Regression,ImageSegments,0.2826086956521739,0.2826086956521739,0.09755737888366041,0.06359577178955078,32.711985
1886,Multiclass classification,Torch Logistic Regression,ImageSegments,0.2826086956521739,0.2826086956521739,0.0975689328047472,0.06359577178955078,34.295183
1932,Multiclass classification,Torch Logistic Regression,ImageSegments,0.2836438923395445,0.2836438923395445,0.09782242830156276,0.06359577178955078,35.916994
1978,Multiclass classification,Torch Logistic Regression,ImageSegments,0.2805864509605662,0.2805864509605662,0.09697699254896877,0.06359577178955078,37.577883
2024,Multiclass classification,Torch Logistic Regression,ImageSegments,0.2781620553359684,0.2781620553359684,0.09629281311725794,0.06359577178955078,39.274704
2070,Multiclass classification,Torch Logistic Regression,ImageSegments,0.2792270531400966,0.2792270531400966,0.09659617944501665,0.06359577178955078,41.009401
2116,Multiclass classification,Torch Logistic Regression,ImageSegments,0.27882797731569,0.27882797731569,0.09649978619859662,0.06359577178955078,42.779706
2162,Multiclass classification,Torch Logistic Regression,ImageSegments,0.27705827937095284,0.27705827937095284,0.0959956483341784,0.06359577178955078,44.584125
2208,Multiclass classification,Torch Logistic Regression,ImageSegments,0.2758152173913043,0.2758152173913043,0.09566316238429527,0.06359577178955078,46.424469
2254,Multiclass classification,Torch Logistic Regression,ImageSegments,0.27506654835847383,0.27506654835847383,0.095454398047971,0.06359577178955078,48.307692
2300,Multiclass classification,Torch Logistic Regression,ImageSegments,0.2773913043478261,0.2773913043478261,0.09607592999760182,0.06359577178955078,50.232743000000006
1056,Multiclass classification,Torch Logistic Regression,Insects,0.36742424242424243,0.3674242424242424,0.15266609529595554,0.06682872772216797,0.950087
2112,Multiclass classification,Torch Logistic Regression,Insects,0.37073863636363635,0.3707386363636364,0.15376446147040687,0.06682872772216797,2.773055
3168,Multiclass classification,Torch Logistic Regression,Insects,0.37247474747474746,0.3724747474747474,0.15436663825321997,0.06682872772216797,5.478342
4224,Multiclass classification,Torch Logistic Regression,Insects,0.36482007575757575,0.3648200757575757,0.15193136769755092,0.06682872772216797,8.974302999999999
5280,Multiclass classification,Torch Logistic Regression,Insects,0.365719696969697,0.365719696969697,0.15244163350417983,0.06682872772216797,13.191488999999999
6336,Multiclass classification,Torch Logistic Regression,Insects,0.3576388888888889,0.3576388888888889,0.14993528009141616,0.06682872772216797,18.080702
7392,Multiclass classification,Torch Logistic Regression,Insects,0.36106601731601734,0.36106601731601734,0.15082732743762192,0.06682872772216797,23.684927
8448,Multiclass classification,Torch Logistic Regression,Insects,0.3606770833333333,0.3606770833333333,0.15075488230087933,0.06682872772216797,30.053435999999998
9504,Multiclass classification,Torch Logistic Regression,Insects,0.36100589225589225,0.36100589225589225,0.15084382244061117,0.06682872772216797,37.145806
10560,Multiclass classification,Torch Logistic Regression,Insects,0.3615530303030303,0.3615530303030303,0.15106225337438023,0.06682872772216797,45.067322
11616,Multiclass classification,Torch Logistic Regression,Insects,0.36010674931129477,0.3601067493112947,0.15063696773845253,0.06682872772216797,53.718948
12672,Multiclass classification,Torch Logistic Regression,Insects,0.3589804292929293,0.3589804292929293,0.15035628174083854,0.06682872772216797,63.09959
13728,Multiclass classification,Torch Logistic Regression,Insects,0.33136655011655014,0.33136655011655014,0.1416143834260469,0.06682872772216797,73.213047
14784,Multiclass classification,Torch Logistic Regression,Insects,0.3144615800865801,0.3144615800865801,0.13603264127073836,0.06682872772216797,84.05317600000001
15840,Multiclass classification,Torch Logistic Regression,Insects,0.30934343434343436,0.30934343434343436,0.13441181663011117,0.06682872772216797,95.55927500000001
16896,Multiclass classification,Torch Logistic Regression,Insects,0.3064630681818182,0.3064630681818182,0.13347656892805332,0.06682872772216797,107.77553700000001
17952,Multiclass classification,Torch Logistic Regression,Insects,0.30353163992869875,0.30353163992869875,0.13241023293688473,0.06682872772216797,120.68856900000002
19008,Multiclass classification,Torch Logistic Regression,Insects,0.3146043771043771,0.3146043771043771,0.13653223840666062,0.06682872772216797,134.269674
20064,Multiclass classification,Torch Logistic Regression,Insects,0.3166367623604466,0.3166367623604466,0.13701640250792627,0.06682872772216797,148.581053
21120,Multiclass classification,Torch Logistic Regression,Insects,0.3140151515151515,0.3140151515151515,0.13582386522943332,0.06682872772216797,163.559598
22176,Multiclass classification,Torch Logistic Regression,Insects,0.3134018759018759,0.3134018759018759,0.13527739476503173,0.06682872772216797,179.22298
23232,Multiclass classification,Torch Logistic Regression,Insects,0.31241391184573003,0.31241391184573003,0.13459504299119004,0.06682872772216797,195.59399200000001
24288,Multiclass classification,Torch Logistic Regression,Insects,0.3115942028985507,0.3115942028985507,0.13389906318919625,0.06682872772216797,212.629388
25344,Multiclass classification,Torch Logistic Regression,Insects,0.3096196338383838,0.3096196338383838,0.13286119238847002,0.06682872772216797,230.34484
26400,Multiclass classification,Torch Logistic Regression,Insects,0.3081439393939394,0.3081439393939394,0.13197111143060455,0.06682872772216797,248.717597
27456,Multiclass classification,Torch Logistic Regression,Insects,0.30659965034965037,0.30659965034965037,0.1310374139193226,0.06682872772216797,267.762882
28512,Multiclass classification,Torch Logistic Regression,Insects,0.30836139169472504,0.30836139169472504,0.13194263810415288,0.06682872772216797,287.46249
29568,Multiclass classification,Torch Logistic Regression,Insects,0.311620670995671,0.311620670995671,0.1338661587450711,0.06682872772216797,307.811426
30624,Multiclass classification,Torch Logistic Regression,Insects,0.31432863113897597,0.31432863113897597,0.13535866055533882,0.06682872772216797,328.809865
31680,Multiclass classification,Torch Logistic Regression,Insects,0.317550505050505,0.317550505050505,0.13686169952356347,0.06682872772216797,350.457011
32736,Multiclass classification,Torch Logistic Regression,Insects,0.3206256109481916,0.3206256109481916,0.13813890908529416,0.06682872772216797,372.751035
33792,Multiclass classification,Torch Logistic Regression,Insects,0.32072679924242425,0.32072679924242425,0.13817707710351645,0.06682872772216797,395.713027
34848,Multiclass classification,Torch Logistic Regression,Insects,0.319760101010101,0.319760101010101,0.13776193551933177,0.06682872772216797,419.410571
35904,Multiclass classification,Torch Logistic Regression,Insects,0.3201036096256685,0.3201036096256685,0.1377413389264023,0.06682872772216797,443.862884
36960,Multiclass classification,Torch Logistic Regression,Insects,0.3201569264069264,0.3201569264069264,0.1376592021475355,0.06682872772216797,469.075406
38016,Multiclass classification,Torch Logistic Regression,Insects,0.320680765993266,0.320680765993266,0.13775269252464103,0.06682872772216797,494.989556
39072,Multiclass classification,Torch Logistic Regression,Insects,0.31582719082719085,0.31582719082719085,0.1361695080441893,0.06682872772216797,521.62607
40128,Multiclass classification,Torch Logistic Regression,Insects,0.31698564593301437,0.31698564593301437,0.13650953919729755,0.06682872772216797,548.977
41184,Multiclass classification,Torch Logistic Regression,Insects,0.3182789432789433,0.3182789432789433,0.13683065193386096,0.06682872772216797,577.014503
42240,Multiclass classification,Torch Logistic Regression,Insects,0.31893939393939397,0.31893939393939397,0.13690914212066915,0.06682872772216797,605.724155
43296,Multiclass classification,Torch Logistic Regression,Insects,0.3193135624538064,0.3193135624538064,0.1368574420932959,0.06682872772216797,635.100118
44352,Multiclass classification,Torch Logistic Regression,Insects,0.31910624098124096,0.31910624098124096,0.13661421181022568,0.06682872772216797,665.1817279999999
45408,Multiclass classification,Torch Logistic Regression,Insects,0.319481148696265,0.319481148696265,0.1365191023895309,0.06682872772216797,695.9398239999999
46464,Multiclass classification,Torch Logistic Regression,Insects,0.31988205922865015,0.31988205922865015,0.1364481528722618,0.06682872772216797,727.368578
47520,Multiclass classification,Torch Logistic Regression,Insects,0.3196759259259259,0.3196759259259259,0.1365043927722604,0.06682872772216797,759.481107
48576,Multiclass classification,Torch Logistic Regression,Insects,0.31999341238471674,0.31999341238471674,0.13683885783681007,0.06682872772216797,792.272762
49632,Multiclass classification,Torch Logistic Regression,Insects,0.3205190199871051,0.3205190199871051,0.13719938965497805,0.06682872772216797,825.744422
50688,Multiclass classification,Torch Logistic Regression,Insects,0.3204111426767677,0.3204111426767677,0.13729381881332006,0.06682872772216797,859.901464
51744,Multiclass classification,Torch Logistic Regression,Insects,0.32059755720470007,0.32059755720470007,0.13744108522702422,0.06682872772216797,894.743449
52800,Multiclass classification,Torch Logistic Regression,Insects,0.31604166666666667,0.31604166666666667,0.13598235872519146,0.06682872772216797,930.272189
408,Multiclass classification,Torch Logistic Regression,Keystroke,0.9264705882352942,0.9264705882352942,0.3950617283950617,0.06615352630615234,0.403663
816,Multiclass classification,Torch Logistic Regression,Keystroke,0.9105392156862745,0.9105392156862745,0.466981072455525,0.06620407104492188,1.146193
1224,Multiclass classification,Torch Logistic Regression,Keystroke,0.6070261437908496,0.6070261437908496,0.297582519758252,0.06628131866455078,2.21819
1632,Multiclass classification,Torch Logistic Regression,Keystroke,0.45526960784313725,0.45526960784313725,0.205968268976673,0.06638908386230469,3.61949
2040,Multiclass classification,Torch Logistic Regression,Keystroke,0.3642156862745098,0.3642156862745098,0.1508944807162773,0.0665884017944336,5.34716
2448,Multiclass classification,Torch Logistic Regression,Keystroke,0.3035130718954248,0.3035130718954248,0.11523769230887683,0.0666656494140625,7.413361
2856,Multiclass classification,Torch Logistic Regression,Keystroke,0.2601540616246499,0.2601540616246499,0.0909153976559332,0.0667428970336914,9.808002
3264,Multiclass classification,Torch Logistic Regression,Keystroke,0.22763480392156862,0.22763480392156862,0.07356550687727367,0.06688117980957031,12.535989
3672,Multiclass classification,Torch Logistic Regression,Keystroke,0.20234204793028324,0.20234204793028324,0.060744644030920565,0.06695842742919922,15.579164
4080,Multiclass classification,Torch Logistic Regression,Keystroke,0.1821078431372549,0.1821078431372549,0.05100437399253307,0.06730270385742188,18.925211
4488,Multiclass classification,Torch Logistic Regression,Keystroke,0.16555258467023173,0.16555258467023173,0.043429736259234325,0.06737995147705078,22.550451000000002
4896,Multiclass classification,Torch Logistic Regression,Keystroke,0.1517565359477124,0.1517565359477124,0.03742537334972782,0.06745719909667969,26.447348
5304,Multiclass classification,Torch Logistic Regression,Keystroke,0.14008295625942685,0.14008295625942685,0.032586484877995994,0.0675344467163086,30.623604
5712,Multiclass classification,Torch Logistic Regression,Keystroke,0.13007703081232494,0.13007703081232494,0.028629911431852506,0.0676116943359375,35.057652
6120,Multiclass classification,Torch Logistic Regression,Keystroke,0.12140522875816993,0.12140522875816993,0.02535143987989627,0.0676889419555664,39.746655
6528,Multiclass classification,Torch Logistic Regression,Keystroke,0.11381740196078431,0.11381740196078431,0.022606535873027203,0.06782722473144531,44.706899
6936,Multiclass classification,Torch Logistic Regression,Keystroke,0.10712226066897347,0.10712226066897347,0.020282974046687902,0.06790447235107422,49.936807
7344,Multiclass classification,Torch Logistic Regression,Keystroke,0.10117102396514162,0.10117102396514162,0.01830145328746593,0.06798171997070312,55.445636
7752,Multiclass classification,Torch Logistic Regression,Keystroke,0.09584623323013416,0.09584623323013416,0.01659710209062504,0.06805896759033203,61.252098000000004
8160,Multiclass classification,Torch Logistic Regression,Keystroke,0.09105392156862745,0.09105392156862745,0.015118383162583253,0.06813621520996094,67.353983
8568,Multiclass classification,Torch Logistic Regression,Keystroke,0.08671802054154995,0.08671802054154995,0.013830561121788414,0.0687246322631836,73.738413
8976,Multiclass classification,Torch Logistic Regression,Keystroke,0.08277629233511587,0.08277629233511587,0.012699817262461706,0.0688018798828125,80.40280899999999
9384,Multiclass classification,Torch Logistic Regression,Keystroke,0.0791773231031543,0.0791773231031543,0.011704034840403627,0.0688791275024414,87.34875199999999
9792,Multiclass classification,Torch Logistic Regression,Keystroke,0.0758782679738562,0.0758782679738562,0.010819611219309525,0.06901741027832031,94.565857
10200,Multiclass classification,Torch Logistic Regression,Keystroke,0.07284313725490196,0.07284313725490196,0.01003171036346251,0.06909465789794922,102.06404699999999
10608,Multiclass classification,Torch Logistic Regression,Keystroke,0.07004147812971342,0.07004147812971342,0.009326473196012403,0.06917190551757812,109.94277899999999
11016,Multiclass classification,Torch Logistic Regression,Keystroke,0.06744734931009441,0.06744734931009441,0.008692682598078372,0.06924915313720703,118.10578899999999
11424,Multiclass classification,Torch Logistic Regression,Keystroke,0.06503851540616247,0.06503851540616247,0.008121833595934162,0.06932640075683594,126.54970199999998
11832,Multiclass classification,Torch Logistic Regression,Keystroke,0.06279580797836376,0.06279580797836376,0.007604999540483413,0.06940364837646484,135.271032
12240,Multiclass classification,Torch Logistic Regression,Keystroke,0.06070261437908497,0.06070261437908497,0.007136195346964133,0.06948089599609375,144.272855
12648,Multiclass classification,Torch Logistic Regression,Keystroke,0.058744465528146744,0.058744465528146744,0.006709526629700629,0.06953144073486328,153.559572
13056,Multiclass classification,Torch Logistic Regression,Keystroke,0.056908700980392156,0.056908700980392156,0.006320236730923832,0.06966972351074219,163.127074
13464,Multiclass classification,Torch Logistic Regression,Keystroke,0.05518419489007724,0.05518419489007724,0.005963359912987008,0.0697469711303711,172.970883
13872,Multiclass classification,Torch Logistic Regression,Keystroke,0.053561130334486735,0.053561130334486735,0.005636155450379714,0.06982421875,183.109309
14280,Multiclass classification,Torch Logistic Regression,Keystroke,0.052030812324929974,0.052030812324929974,0.005335313874072271,0.0699014663696289,193.531432
14688,Multiclass classification,Torch Logistic Regression,Keystroke,0.05058551198257081,0.05058551198257081,0.005058029643286951,0.06997871398925781,204.231629
15096,Multiclass classification,Torch Logistic Regression,Keystroke,0.049218335983041865,0.04921833598304187,0.004801527768406746,0.07005596160888672,215.203743
15504,Multiclass classification,Torch Logistic Regression,Keystroke,0.04792311661506708,0.04792311661506708,0.004564064643120939,0.07013320922851562,226.427809
15912,Multiclass classification,Torch Logistic Regression,Keystroke,0.04669431875314228,0.04669431875314229,0.004343961921994956,0.07021045684814453,237.903041
16320,Multiclass classification,Torch Logistic Regression,Keystroke,0.04552696078431372,0.04552696078431372,0.004139305919248867,0.07037925720214844,249.647824
16728,Multiclass classification,Torch Logistic Regression,Keystroke,0.04441654710664754,0.04441654710664754,0.003948865656781167,0.07045650482177734,261.65794400000004
17136,Multiclass classification,Torch Logistic Regression,Keystroke,0.043359010270774975,0.043359010270774975,0.0037712756879006463,0.07155227661132812,273.95585000000005
17544,Multiclass classification,Torch Logistic Regression,Keystroke,0.04235066119471044,0.04235066119471044,0.0036051575646584115,0.07162952423095703,286.51817700000004
17952,Multiclass classification,Torch Logistic Regression,Keystroke,0.04138814616755793,0.04138814616755793,0.003449799017255828,0.07170677185058594,299.346289
18360,Multiclass classification,Torch Logistic Regression,Keystroke,0.040468409586056645,0.040468409586056645,0.0033044395504863724,0.07178401947021484,312.431235
18768,Multiclass classification,Torch Logistic Regression,Keystroke,0.03958866155157715,0.03958866155157715,0.0031679860022904836,0.07186126708984375,325.774294
19176,Multiclass classification,Torch Logistic Regression,Keystroke,0.03874634960367126,0.03874634960367126,0.003039846565989444,0.07193851470947266,339.37208499999997
19584,Multiclass classification,Torch Logistic Regression,Keystroke,0.0379391339869281,0.0379391339869281,0.0029193404684420138,0.07201576232910156,353.23339999999996
19992,Multiclass classification,Torch Logistic Regression,Keystroke,0.03716486594637855,0.03716486594637855,0.0028058470463872957,0.07209300994873047,367.39232699999997
20400,Multiclass classification,Torch Logistic Regression,Keystroke,0.03642156862745098,0.03642156862745098,0.002698872157436847,0.07217025756835938,381.81817199999995
46,Multiclass classification,Torch MLP,ImageSegments,0.13043478260869565,0.13043478260869565,0.028846153846153848,0.07143497467041016,0.093643
92,Multiclass classification,Torch MLP,ImageSegments,0.14130434782608695,0.14130434782608695,0.030952380952380957,0.07143497467041016,0.238426
138,Multiclass classification,Torch MLP,ImageSegments,0.11594202898550725,0.11594202898550725,0.025974025974025972,0.07143497467041016,0.42967
184,Multiclass classification,Torch MLP,ImageSegments,0.14673913043478262,0.14673913043478262,0.031990521327014215,0.07143497467041016,0.6798960000000001
230,Multiclass classification,Torch MLP,ImageSegments,0.14347826086956522,0.14347826086956522,0.03136882129277567,0.07143497467041016,0.9845170000000001
276,Multiclass classification,Torch MLP,ImageSegments,0.15217391304347827,0.15217391304347827,0.0330188679245283,0.07188892364501953,1.335028
322,Multiclass classification,Torch MLP,ImageSegments,0.16149068322981366,0.16149068322981366,0.03475935828877005,0.07188892364501953,1.73933
368,Multiclass classification,Torch MLP,ImageSegments,0.15489130434782608,0.15489130434782608,0.03352941176470588,0.07188892364501953,2.194975
414,Multiclass classification,Torch MLP,ImageSegments,0.15458937198067632,0.15458937198067632,0.03347280334728033,0.07188892364501953,2.7036409999999997
460,Multiclass classification,Torch MLP,ImageSegments,0.1565217391304348,0.1565217391304348,0.03383458646616541,0.07188892364501953,3.2597069999999997
506,Multiclass classification,Torch MLP,ImageSegments,0.15217391304347827,0.15217391304347827,0.0330188679245283,0.07188892364501953,3.861531
552,Multiclass classification,Torch MLP,ImageSegments,0.14492753623188406,0.14492753623188406,0.03164556962025317,0.07188892364501953,4.514813
598,Multiclass classification,Torch MLP,ImageSegments,0.1454849498327759,0.1454849498327759,0.031751824817518245,0.07188892364501953,5.21727
644,Multiclass classification,Torch MLP,ImageSegments,0.14285714285714285,0.14285714285714285,0.03125,0.07188892364501953,5.970535
690,Multiclass classification,Torch MLP,ImageSegments,0.14202898550724638,0.14202898550724638,0.031091370558375638,0.07188892364501953,6.777781
736,Multiclass classification,Torch MLP,ImageSegments,0.14130434782608695,0.14130434782608695,0.030952380952380953,0.07188892364501953,7.636789
782,Multiclass classification,Torch MLP,ImageSegments,0.14066496163682865,0.14066496163682865,0.03082959641255606,0.07188892364501953,8.550568
828,Multiclass classification,Torch MLP,ImageSegments,0.1388888888888889,0.1388888888888889,0.03048780487804878,0.07188892364501953,9.516346
874,Multiclass classification,Torch MLP,ImageSegments,0.14073226544622425,0.14073226544622425,0.03084252758274825,0.07188892364501953,10.533760000000001
920,Multiclass classification,Torch MLP,ImageSegments,0.14130434782608695,0.14130434782608695,0.030952380952380957,0.07188892364501953,11.596897
966,Multiclass classification,Torch MLP,ImageSegments,0.13871635610766045,0.13871635610766045,0.03045454545454545,0.07188892364501953,12.711205
1012,Multiclass classification,Torch MLP,ImageSegments,0.1432806324110672,0.1432806324110672,0.03133102852203976,0.07188892364501953,13.8735
1058,Multiclass classification,Torch MLP,ImageSegments,0.14083175803402648,0.14083175803402648,0.03086164043082022,0.07188892364501953,15.084209
1104,Multiclass classification,Torch MLP,ImageSegments,0.14130434782608695,0.14130434782608695,0.030952380952380957,0.07188892364501953,16.341416
1150,Multiclass classification,Torch MLP,ImageSegments,0.14347826086956522,0.14347826086956522,0.03136882129277566,0.07188892364501953,17.647354
1196,Multiclass classification,Torch MLP,ImageSegments,0.13963210702341136,0.13963210702341136,0.030630961115187087,0.07188892364501953,19.002224
1242,Multiclass classification,Torch MLP,ImageSegments,0.13768115942028986,0.13768115942028986,0.030254777070063688,0.07188892364501953,20.407307999999997
1288,Multiclass classification,Torch MLP,ImageSegments,0.13819875776397517,0.13819875776397517,0.03035470668485675,0.07188892364501953,21.862553999999996
1334,Multiclass classification,Torch MLP,ImageSegments,0.1386806596701649,0.1386806596701649,0.030447662936142195,0.07188892364501953,23.366119999999995
1380,Multiclass classification,Torch MLP,ImageSegments,0.1398550724637681,0.1398550724637681,0.030673871582962493,0.07188892364501953,24.923437999999994
1426,Multiclass classification,Torch MLP,ImageSegments,0.14095371669004209,0.14095371669004209,0.030885064535955745,0.07188892364501953,26.527980999999993
1472,Multiclass classification,Torch MLP,ImageSegments,0.14130434782608695,0.14130434782608695,0.030952380952380957,0.07188892364501953,28.179056999999993
1518,Multiclass classification,Torch MLP,ImageSegments,0.14097496706192358,0.14097496706192358,0.0308891454965358,0.07188892364501953,29.879974999999995
1564,Multiclass classification,Torch MLP,ImageSegments,0.14002557544757033,0.14002557544757033,0.030706674144699946,0.07188892364501953,31.634689999999996
1610,Multiclass classification,Torch MLP,ImageSegments,0.1409937888198758,0.1409937888198758,0.0308927599346761,0.07188892364501953,33.438356
1656,Multiclass classification,Torch MLP,ImageSegments,0.14130434782608695,0.14130434782608695,0.03095238095238095,0.07188892364501953,35.293784
1702,Multiclass classification,Torch MLP,ImageSegments,0.14042303172737955,0.14042303172737955,0.03078310149407522,0.07188892364501953,37.206325
1748,Multiclass classification,Torch MLP,ImageSegments,0.13958810068649885,0.13958810068649885,0.030622489959839357,0.07188892364501953,39.16624
1794,Multiclass classification,Torch MLP,ImageSegments,0.1415830546265329,0.1415830546265329,0.031005859374999997,0.07188892364501953,41.177595000000004
1840,Multiclass classification,Torch MLP,ImageSegments,0.14456521739130435,0.14456521739130435,0.03157644824311492,0.07188892364501953,43.241252
1886,Multiclass classification,Torch MLP,ImageSegments,0.14262990455991517,0.14262990455991517,0.031206496519721582,0.07188892364501953,45.349868
1932,Multiclass classification,Torch MLP,ImageSegments,0.14440993788819875,0.14440993788819875,0.03154681139755766,0.07188892364501953,47.509556
1978,Multiclass classification,Torch MLP,ImageSegments,0.14256825075834176,0.14256825075834176,0.031194690265486723,0.07188892364501953,49.720683
2024,Multiclass classification,Torch MLP,ImageSegments,0.14130434782608695,0.14130434782608695,0.030952380952380946,0.07188892364501953,51.981704
2070,Multiclass classification,Torch MLP,ImageSegments,0.14202898550724638,0.14202898550724638,0.031091370558375634,0.07188892364501953,54.291674
2116,Multiclass classification,Torch MLP,ImageSegments,0.14224952741020794,0.14224952741020794,0.031133636739760034,0.07188892364501953,56.649842
2162,Multiclass classification,Torch MLP,ImageSegments,0.1419981498612396,0.1419981498612396,0.031085459700283518,0.07188892364501953,59.058808
2208,Multiclass classification,Torch MLP,ImageSegments,0.14175724637681159,0.14175724637681159,0.031039270130900437,0.07188892364501953,61.51328
2254,Multiclass classification,Torch MLP,ImageSegments,0.14108251996450755,0.14108251996450755,0.030909797822706066,0.07188892364501953,64.020521
2300,Multiclass classification,Torch MLP,ImageSegments,0.14217391304347826,0.14217391304347826,0.03111914731633041,0.07188892364501953,66.57744
1056,Multiclass classification,Torch MLP,Insects,0.36553030303030304,0.36553030303030304,0.1607054228875961,0.07512187957763672,1.220199
2112,Multiclass classification,Torch MLP,Insects,0.3697916666666667,0.3697916666666667,0.16689524797983543,0.07512187957763672,3.608688
3168,Multiclass classification,Torch MLP,Insects,0.3696338383838384,0.3696338383838384,0.16900184264506482,0.07512187957763672,7.059647999999999
4224,Multiclass classification,Torch MLP,Insects,0.35913825757575757,0.35913825757575757,0.1679905340927083,0.07512187957763672,11.465767
5280,Multiclass classification,Torch MLP,Insects,0.3626893939393939,0.3626893939393939,0.17104899881161126,0.07512187957763672,16.804012
6336,Multiclass classification,Torch MLP,Insects,0.35542929292929293,0.35542929292929293,0.16995486475394067,0.07512187957763672,23.12939
7392,Multiclass classification,Torch MLP,Insects,0.35957792207792205,0.35957792207792205,0.17155134569348382,0.07512187957763672,30.407598
8448,Multiclass classification,Torch MLP,Insects,0.3592566287878788,0.35925662878787884,0.17230932996294102,0.07512187957763672,38.780905000000004
9504,Multiclass classification,Torch MLP,Insects,0.35890151515151514,0.3589015151515152,0.17260535018463868,0.07512187957763672,48.124559000000005
10560,Multiclass classification,Torch MLP,Insects,0.35890151515151514,0.3589015151515152,0.17291825102700287,0.07512187957763672,58.437262000000004
11616,Multiclass classification,Torch MLP,Insects,0.35700757575757575,0.3570075757575758,0.17268467225733142,0.07512187957763672,69.672269
12672,Multiclass classification,Torch MLP,Insects,0.3562973484848485,0.35629734848484845,0.17296846997391815,0.07512187957763672,81.823708
13728,Multiclass classification,Torch MLP,Insects,0.32888986013986016,0.32888986013986016,0.16845782900231712,0.07512187957763672,94.887176
14784,Multiclass classification,Torch MLP,Insects,0.3123647186147186,0.3123647186147186,0.16586103787207312,0.07512187957763672,108.864105
15840,Multiclass classification,Torch MLP,Insects,0.3077020202020202,0.3077020202020202,0.16606034820896762,0.07512187957763672,123.757983
16896,Multiclass classification,Torch MLP,Insects,0.30439157196969696,0.30439157196969696,0.16633069081288107,0.07512187957763672,139.561676
17952,Multiclass classification,Torch MLP,Insects,0.29935383244206776,0.29935383244206776,0.16517651267133732,0.07512187957763672,156.291122
19008,Multiclass classification,Torch MLP,Insects,0.28272306397306396,0.28272306397306396,0.152131539634829,0.07512187957763672,173.921201
20064,Multiclass classification,Torch MLP,Insects,0.2682914673046252,0.2682914673046252,0.1435931841281684,0.07512187957763672,192.421021
21120,Multiclass classification,Torch MLP,Insects,0.25577651515151517,0.25577651515151517,0.13753412193576545,0.07512187957763672,211.796582
22176,Multiclass classification,Torch MLP,Insects,0.24431818181818182,0.24431818181818182,0.13147984847980007,0.07512187957763672,232.037116
23232,Multiclass classification,Torch MLP,Insects,0.23428891184573003,0.23428891184573003,0.12623869564826976,0.07512187957763672,253.140469
24288,Multiclass classification,Torch MLP,Insects,0.22488471673254282,0.22488471673254284,0.12127172521180837,0.07512187957763672,275.111792
25344,Multiclass classification,Torch MLP,Insects,0.21626420454545456,0.21626420454545456,0.11702677511901083,0.07512187957763672,297.95140399999997
26400,Multiclass classification,Torch MLP,Insects,0.20833333333333334,0.20833333333333334,0.1130057702048813,0.07512187957763672,321.75402199999996
27456,Multiclass classification,Torch MLP,Insects,0.20126748251748253,0.2012674825174825,0.10936410958277218,0.07512187957763672,346.57884399999995
28512,Multiclass classification,Torch MLP,Insects,0.2021604938271605,0.20216049382716048,0.10887378456180107,0.07512187957763672,372.37692899999996
29568,Multiclass classification,Torch MLP,Insects,0.20941558441558442,0.20941558441558442,0.11116784095992065,0.07512187957763672,399.13357099999996
30624,Multiclass classification,Torch MLP,Insects,0.2158764367816092,0.2158764367816092,0.11318149354384306,0.07512187957763672,426.81922
31680,Multiclass classification,Torch MLP,Insects,0.22250631313131314,0.2225063131313131,0.11515667894747894,0.07512187957763672,455.40162399999997
32736,Multiclass classification,Torch MLP,Insects,0.22892228739002932,0.22892228739002932,0.1170123562006412,0.07512187957763672,484.875745
33792,Multiclass classification,Torch MLP,Insects,0.22984730113636365,0.22984730113636365,0.11670074333374562,0.07512187957763672,515.260819
34848,Multiclass classification,Torch MLP,Insects,0.22773186409550045,0.22773186409550045,0.11500314033683434,0.07512187957763672,546.549544
35904,Multiclass classification,Torch MLP,Insects,0.22710561497326204,0.22710561497326204,0.11362909213646114,0.07512187957763672,578.744478
36960,Multiclass classification,Torch MLP,Insects,0.22567640692640692,0.22567640692640692,0.11207850160456052,0.07512187957763672,611.8469269999999
38016,Multiclass classification,Torch MLP,Insects,0.22477377946127947,0.22477377946127947,0.1106722817571657,0.07512187957763672,645.860469
39072,Multiclass classification,Torch MLP,Insects,0.22056715806715807,0.22056715806715807,0.10937943127695109,0.07512187957763672,680.777158
40128,Multiclass classification,Torch MLP,Insects,0.21820175438596492,0.21820175438596492,0.10731506511593922,0.07512187957763672,716.597296
41184,Multiclass classification,Torch MLP,Insects,0.21447649572649571,0.2144764957264957,0.10454149516642221,0.07512187957763672,753.3812700000001
42240,Multiclass classification,Torch MLP,Insects,0.21081912878787878,0.21081912878787878,0.10199490670624838,0.07512187957763672,791.0643670000001
43296,Multiclass classification,Torch MLP,Insects,0.20708610495195862,0.2070861049519586,0.09954431252441166,0.07512187957763672,829.59519
44352,Multiclass classification,Torch MLP,Insects,0.20364357864357865,0.20364357864357865,0.09739019722281991,0.07512187957763672,868.980394
45408,Multiclass classification,Torch MLP,Insects,0.20047128259337563,0.20047128259337565,0.09523849470885162,0.07512187957763672,909.2191150000001
46464,Multiclass classification,Torch MLP,Insects,0.19731404958677687,0.19731404958677687,0.09317221397786149,0.07512187957763672,950.2867440000001
47520,Multiclass classification,Torch MLP,Insects,0.19827441077441077,0.19827441077441077,0.09316346749404374,0.07512187957763672,992.1826840000001
48576,Multiclass classification,Torch MLP,Insects,0.20133399209486166,0.2013339920948617,0.09402620830182795,0.07512187957763672,1034.9292890000002
49632,Multiclass classification,Torch MLP,Insects,0.20438426821405545,0.20438426821405545,0.09487113671060506,0.07512187957763672,1078.556152
50688,Multiclass classification,Torch MLP,Insects,0.2067550505050505,0.20675505050505047,0.09555188446788342,0.07512187957763672,1123.0353460000001
51744,Multiclass classification,Torch MLP,Insects,0.2093769325912183,0.2093769325912183,0.09627566861422968,0.07512187957763672,1168.3608660000002
52800,Multiclass classification,Torch MLP,Insects,0.20704545454545453,0.2070454545454545,0.09590864867819729,0.07512187957763672,1214.5331780000001
408,Multiclass classification,Torch MLP,Keystroke,0.9534313725490197,0.9534313725490197,0.3253868674194898,0.07447338104248047,0.507073
816,Multiclass classification,Torch MLP,Keystroke,0.47671568627450983,0.47671568627450983,0.16141078838174272,0.07452392578125,1.468989
1224,Multiclass classification,Torch MLP,Keystroke,0.31781045751633985,0.31781045751633985,0.09646621202727837,0.0746011734008789,2.8781420000000004
1632,Multiclass classification,Torch MLP,Keystroke,0.23835784313725492,0.23835784313725492,0.06415965693551047,0.07470893859863281,4.732684000000001
2040,Multiclass classification,Torch MLP,Keystroke,0.1906862745098039,0.1906862745098039,0.04575663118273245,0.07488155364990234,7.050581000000001
2448,Multiclass classification,Torch MLP,Keystroke,0.15890522875816993,0.15890522875816993,0.03427916813535425,0.07495880126953125,9.801431000000001
2856,Multiclass classification,Torch MLP,Keystroke,0.13620448179271707,0.13620448179271707,0.02663927409690121,0.07503604888916016,12.97802
3264,Multiclass classification,Torch MLP,Keystroke,0.11917892156862746,0.11917892156862746,0.021297563646318095,0.07517433166503906,16.533350000000002
3672,Multiclass classification,Torch MLP,Keystroke,0.10593681917211328,0.10593681917211328,0.0174162208143986,0.07525157928466797,20.466879000000002
4080,Multiclass classification,Torch MLP,Keystroke,0.09534313725490196,0.09534313725490196,0.01450734690833147,0.07559585571289062,24.765100000000004
4488,Multiclass classification,Torch MLP,Keystroke,0.08667557932263814,0.08667557932263814,0.012271099824923897,0.07567310333251953,29.416690000000003
4896,Multiclass classification,Torch MLP,Keystroke,0.07945261437908496,0.07945261437908496,0.010514934450601433,0.07575035095214844,34.43106
5304,Multiclass classification,Torch MLP,Keystroke,0.07334087481146305,0.07334087481146305,0.009110603665319985,0.07582759857177734,39.817518
5712,Multiclass classification,Torch MLP,Keystroke,0.06810224089635854,0.06810224089635854,0.007970004917226686,0.07590484619140625,45.590901
6120,Multiclass classification,Torch MLP,Keystroke,0.06356209150326797,0.06356209150326797,0.007030988766685042,0.07598209381103516,51.768596
6528,Multiclass classification,Torch MLP,Keystroke,0.05958946078431373,0.05958946078431373,0.006248694842015645,0.07612037658691406,58.322525
6936,Multiclass classification,Torch MLP,Keystroke,0.05608419838523645,0.05608419838523645,0.0055900844260822705,0.07619762420654297,65.26050599999999
7344,Multiclass classification,Torch MLP,Keystroke,0.05296840958605664,0.05296840958605664,0.005030389240915556,0.07627487182617188,72.564771
7752,Multiclass classification,Torch MLP,Keystroke,0.05018059855521156,0.05018059855521156,0.004550745491661841,0.07635211944580078,80.33079799999999
8160,Multiclass classification,Torch MLP,Keystroke,0.04767156862745098,0.04767156862745098,0.004136581631025426,0.07642936706542969,88.52136999999999
8568,Multiclass classification,Torch MLP,Keystroke,0.045401493930905694,0.045401493930905694,0.0037764973714995804,0.07701778411865234,97.085411
8976,Multiclass classification,Torch MLP,Keystroke,0.04333778966131907,0.04333778966131907,0.0034614700124577327,0.07709503173828125,106.019335
9384,Multiclass classification,Torch MLP,Keystroke,0.0414535379369139,0.0414535379369139,0.0031842832293052293,0.07717227935791016,115.342788
9792,Multiclass classification,Torch MLP,Keystroke,0.03972630718954248,0.03972630718954248,0.0029391098048400866,0.07731056213378906,125.034347
10200,Multiclass classification,Torch MLP,Keystroke,0.038137254901960786,0.038137254901960786,0.0027212026456525464,0.07738780975341797,135.11589899999998
10608,Multiclass classification,Torch MLP,Keystroke,0.036670437405731525,0.036670437405731525,0.00252666311591473,0.07746505737304688,145.58268099999998
11016,Multiclass classification,Torch MLP,Keystroke,0.0353122730573711,0.0353122730573711,0.0023522653403679574,0.07754230499267578,156.41774399999997
11424,Multiclass classification,Torch MLP,Keystroke,0.03405112044817927,0.03405112044817927,0.002195321538418127,0.07761955261230469,167.60326999999998
11832,Multiclass classification,Torch MLP,Keystroke,0.032876943881000674,0.032876943881000674,0.0020535777917967744,0.0776968002319336,179.131995
12240,Multiclass classification,Torch MLP,Keystroke,0.031781045751633985,0.031781045751633985,0.001925132631245546,0.0777740478515625,191.021816
12648,Multiclass classification,Torch MLP,Keystroke,0.030755850727387728,0.030755850727387728,0.0018083729060180697,0.07782459259033203,203.293854
13056,Multiclass classification,Torch MLP,Keystroke,0.029794730392156864,0.029794730392156864,0.0017019228665806228,0.07796287536621094,215.920913
13464,Multiclass classification,Torch MLP,Keystroke,0.028891859774212714,0.028891859774212714,0.0016046034381413004,0.07804012298583984,228.90412500000002
13872,Multiclass classification,Torch MLP,Keystroke,0.028042099192618224,0.028042099192618224,0.001515399418772254,0.07811737060546875,242.23046600000004
14280,Multiclass classification,Torch MLP,Keystroke,0.027240896358543418,0.027240896358543418,0.0014334328875197373,0.07819461822509766,255.90178400000002
14688,Multiclass classification,Torch MLP,Keystroke,0.02648420479302832,0.02648420479302832,0.0013579415142618769,0.07827186584472656,269.969755
15096,Multiclass classification,Torch MLP,Keystroke,0.025768415474297826,0.025768415474297826,0.0012882607651739071,0.07834911346435547,284.396561
15504,Multiclass classification,Torch MLP,Keystroke,0.02509029927760578,0.02509029927760578,0.001223809224186749,0.07842636108398438,299.177862
15912,Multiclass classification,Torch MLP,Keystroke,0.024446958270487682,0.02444695827048768,0.0011640764220659813,0.07850360870361328,314.299946
16320,Multiclass classification,Torch MLP,Keystroke,0.02383578431372549,0.02383578431372549,0.001108612695182807,0.07867240905761719,329.78306399999997
16728,Multiclass classification,Torch MLP,Keystroke,0.023254423720707795,0.023254423720707795,0.0010570206961391573,0.0787496566772461,345.626495
17136,Multiclass classification,Torch MLP,Keystroke,0.022700746965452847,0.022700746965452847,0.0010089482557385553,0.07984542846679688,361.84642299999996
17544,Multiclass classification,Torch MLP,Keystroke,0.022172822617419062,0.022172822617419066,0.0009640823559297881,0.07992267608642578,378.418372
17952,Multiclass classification,Torch MLP,Keystroke,0.021668894830659535,0.021668894830659535,0.0009221440204056961,0.07999992370605469,395.33205699999996
18360,Multiclass classification,Torch MLP,Keystroke,0.021187363834422657,0.021187363834422657,0.0008828839665775081,0.0800771713256836,412.60779499999995
18768,Multiclass classification,Torch MLP,Keystroke,0.02072676896845695,0.02072676896845695,0.0008460788919629031,0.0801544189453125,430.22977399999996
19176,Multiclass classification,Torch MLP,Keystroke,0.020285773884021693,0.020285773884021693,0.0008115282913574323,0.0802316665649414,448.189758
19584,Multiclass classification,Torch MLP,Keystroke,0.01986315359477124,0.01986315359477124,0.0007790517198217595,0.08030891418457031,466.49057
19992,Multiclass classification,Torch MLP,Keystroke,0.019457783113245298,0.019457783113245298,0.0007484864315187829,0.08038616180419922,485.13590999999997
20400,Multiclass classification,Torch MLP,Keystroke,0.019068627450980393,0.019068627450980393,0.0007196853365500245,0.08046340942382812,504.134505
46,Multiclass classification,Torch LSTM,ImageSegments,0.13333333333333333,0.13333333333333333,0.03361344537815126,0.09154319763183594,0.146015
92,Multiclass classification,Torch LSTM,ImageSegments,0.14285714285714285,0.14285714285714285,0.03571428571428571,0.09154319763183594,0.44360900000000003
138,Multiclass classification,Torch LSTM,ImageSegments,0.11678832116788321,0.11678832116788321,0.02987861811391223,0.09154319763183594,0.8917520000000001
184,Multiclass classification,Torch LSTM,ImageSegments,0.14754098360655737,0.14754098360655737,0.036734693877551024,0.09154319763183594,1.4717380000000002
230,Multiclass classification,Torch LSTM,ImageSegments,0.14410480349344978,0.14410480349344978,0.03598691384950927,0.09204673767089844,2.189171
276,Multiclass classification,Torch LSTM,ImageSegments,0.15272727272727274,0.15272727272727274,0.03785488958990536,0.09199714660644531,3.045887
322,Multiclass classification,Torch LSTM,ImageSegments,0.16199376947040497,0.16199376947040497,0.039831482190731515,0.09199714660644531,4.049646
368,Multiclass classification,Torch LSTM,ImageSegments,0.1553133514986376,0.1553133514986376,0.03840970350404312,0.09199714660644531,5.194854
414,Multiclass classification,Torch LSTM,ImageSegments,0.1549636803874092,0.1549636803874092,0.03833483078766098,0.09199714660644531,6.475494
460,Multiclass classification,Torch LSTM,ImageSegments,0.1568627450980392,0.1568627450980392,0.0387409200968523,0.09199714660644531,7.892111
506,Multiclass classification,Torch LSTM,ImageSegments,0.15247524752475247,0.15247524752475247,0.037800687285223365,0.09199714660644531,9.444281
552,Multiclass classification,Torch LSTM,ImageSegments,0.14519056261343014,0.14519056261343014,0.036223681231605166,0.09250068664550781,11.127498
598,Multiclass classification,Torch LSTM,ImageSegments,0.1457286432160804,0.1457286432160804,0.036340852130325806,0.09199714660644531,12.940861
644,Multiclass classification,Torch LSTM,ImageSegments,0.14307931570762053,0.14307931570762053,0.035762876579203115,0.09199714660644531,14.909043
690,Multiclass classification,Torch LSTM,ImageSegments,0.14223512336719885,0.14223512336719885,0.03557814485387548,0.09199714660644531,17.011161
736,Multiclass classification,Torch LSTM,ImageSegments,0.1414965986394558,0.1414965986394558,0.035416311935978204,0.09199714660644531,19.25598
782,Multiclass classification,Torch LSTM,ImageSegments,0.14084507042253522,0.14084507042253522,0.035273368606701945,0.09199714660644531,21.632682000000003
828,Multiclass classification,Torch LSTM,ImageSegments,0.13905683192261184,0.13905683192261184,0.034880194115862906,0.09199714660644531,24.144683000000004
874,Multiclass classification,Torch LSTM,ImageSegments,0.140893470790378,0.140893470790378,0.03528399311531842,0.09199714660644531,26.800463000000004
920,Multiclass classification,Torch LSTM,ImageSegments,0.14145810663764963,0.14145810663764963,0.03540787144218984,0.09199714660644531,29.582206000000003
966,Multiclass classification,Torch LSTM,ImageSegments,0.138860103626943,0.138860103626943,0.03483686468217861,0.09199714660644531,32.492014000000005
1012,Multiclass classification,Torch LSTM,ImageSegments,0.1434223541048467,0.1434223541048467,0.035837864557587744,0.09199714660644531,35.52530900000001
1058,Multiclass classification,Torch LSTM,ImageSegments,0.14096499526963102,0.14096499526963102,0.035299692016109926,0.09250068664550781,38.685804000000005
1104,Multiclass classification,Torch LSTM,ImageSegments,0.1414324569356301,0.1414324569356301,0.035402246681039376,0.09199714660644531,41.968455000000006
1150,Multiclass classification,Torch LSTM,ImageSegments,0.14360313315926893,0.14360313315926893,0.03587736464448793,0.09199714660644531,45.37288900000001
1196,Multiclass classification,Torch LSTM,ImageSegments,0.1397489539748954,0.1397489539748954,0.035032515208726654,0.09199714660644531,48.89561700000001
1242,Multiclass classification,Torch LSTM,ImageSegments,0.1377921031426269,0.1377921031426269,0.03460137596114933,0.09199714660644531,52.53420700000001
1288,Multiclass classification,Torch LSTM,ImageSegments,0.1383061383061383,0.1383061383061383,0.03471477328132618,0.09199714660644531,56.28465500000001
1334,Multiclass classification,Torch LSTM,ImageSegments,0.13878469617404351,0.13878469617404351,0.03482025221155656,0.09199714660644531,60.14447800000001
1380,Multiclass classification,Torch LSTM,ImageSegments,0.13995649021029732,0.13995649021029732,0.035078153398764085,0.09250068664550781,64.11098100000001
1426,Multiclass classification,Torch LSTM,ImageSegments,0.14105263157894737,0.14105263157894737,0.03531892461781761,0.09199714660644531,68.19172600000002
1472,Multiclass classification,Torch LSTM,ImageSegments,0.14140040788579197,0.14140040788579197,0.03539521824215094,0.09199714660644531,72.37802900000001
1518,Multiclass classification,Torch LSTM,ImageSegments,0.14106789716545814,0.14106789716545814,0.03532227449038541,0.09199714660644531,76.66813400000001
1564,Multiclass classification,Torch LSTM,ImageSegments,0.1401151631477927,0.1401151631477927,0.03511303511303511,0.09199714660644531,81.06292900000001
1610,Multiclass classification,Torch LSTM,ImageSegments,0.14108141702921068,0.14108141702921068,0.035325241207594144,0.09199714660644531,85.56086700000002
1656,Multiclass classification,Torch LSTM,ImageSegments,0.14138972809667674,0.14138972809667674,0.03539287604930803,0.09199714660644531,90.16165900000001
1702,Multiclass classification,Torch LSTM,ImageSegments,0.1405055849500294,0.1405055849500294,0.03519882179675994,0.09250068664550781,94.86638400000001
1748,Multiclass classification,Torch LSTM,ImageSegments,0.13966800228963938,0.13966800228963938,0.035014709047858215,0.09199714660644531,99.67957600000001
1794,Multiclass classification,Torch LSTM,ImageSegments,0.14166201896263245,0.14166201896263245,0.03545257868657966,0.09199714660644531,104.60082200000001
1840,Multiclass classification,Torch LSTM,ImageSegments,0.14464382816748234,0.14464382816748234,0.036104513064133016,0.09199714660644531,109.62946000000001
1886,Multiclass classification,Torch LSTM,ImageSegments,0.1427055702917772,0.1427055702917772,0.03568112481761507,0.09199714660644531,114.76351000000001
1932,Multiclass classification,Torch LSTM,ImageSegments,0.1444847229414811,0.1444847229414811,0.03606981254040077,0.09199714660644531,120.01251300000001
1978,Multiclass classification,Torch LSTM,ImageSegments,0.1426403641881639,0.1426403641881639,0.03566685638398786,0.09199714660644531,125.37600400000001
2024,Multiclass classification,Torch LSTM,ImageSegments,0.14137419673751853,0.14137419673751853,0.03538946977665037,0.09250068664550781,130.841939
2070,Multiclass classification,Torch LSTM,ImageSegments,0.14209763170613823,0.14209763170613823,0.03554803216250529,0.09199714660644531,136.417605
2116,Multiclass classification,Torch LSTM,ImageSegments,0.14231678486997637,0.14231678486997637,0.03559602649006623,0.09199714660644531,142.116747
2162,Multiclass classification,Torch LSTM,ImageSegments,0.14206385932438687,0.14206385932438687,0.03554063440611253,0.09199714660644531,147.938194
2208,Multiclass classification,Torch LSTM,ImageSegments,0.14182147711826007,0.14182147711826007,0.035487528344671206,0.09199714660644531,153.874579
2254,Multiclass classification,Torch LSTM,ImageSegments,0.1411451398135819,0.1411451398135819,0.035339223203867315,0.09199714660644531,159.931337
2300,Multiclass classification,Torch LSTM,ImageSegments,0.14223575467594607,0.14223575467594607,0.03557828310303558,0.09199714660644531,166.108586
1056,Multiclass classification,Torch LSTM,Insects,0.2075829383886256,0.2075829383886256,0.05729984301412872,0.0998077392578125,3.167621
2112,Multiclass classification,Torch LSTM,Insects,0.19943154902889626,0.19943154902889626,0.05542390731964192,0.0998077392578125,8.867562
3168,Multiclass classification,Torch LSTM,Insects,0.19734764761604043,0.19734764761604043,0.054940225035161744,0.0998077392578125,17.26753
4224,Multiclass classification,Torch LSTM,Insects,0.1915699739521667,0.19156997395216674,0.05359035506094329,0.0998077392578125,28.212054000000002
5280,Multiclass classification,Torch LSTM,Insects,0.19605985982193597,0.19605985982193597,0.054640481469749765,0.0998077392578125,41.544725
6336,Multiclass classification,Torch LSTM,Insects,0.19068666140489346,0.19068666140489346,0.0533828273454417,0.0998077392578125,57.28745
7392,Multiclass classification,Torch LSTM,Insects,0.19158435935597348,0.19158435935597348,0.0535937322584308,0.0998077392578125,75.408739
8448,Multiclass classification,Torch LSTM,Insects,0.19213922102521605,0.19213922102521605,0.053723932472691166,0.0998077392578125,95.80899199999999
9504,Multiclass classification,Torch LSTM,Insects,0.19078185836051773,0.19078185836051775,0.05340520796512313,0.0998077392578125,118.45291699999999
10560,Multiclass classification,Torch LSTM,Insects,0.1915901127000663,0.1915901127000663,0.05359508292269379,0.0998077392578125,143.66816599999999
11616,Multiclass classification,Torch LSTM,Insects,0.1899268187688334,0.1899268187688334,0.053204061452379235,0.0998077392578125,171.32708499999998
12672,Multiclass classification,Torch LSTM,Insects,0.18869860310946254,0.18869860310946254,0.05291461957243393,0.0998077392578125,201.31630399999997
13728,Multiclass classification,Torch LSTM,Insects,0.17418226852189117,0.17418226852189117,0.049447822310460354,0.0998077392578125,233.62906999999998
14784,Multiclass classification,Torch LSTM,Insects,0.16863965365622674,0.16863965365622674,0.04810141236397314,0.0998077392578125,268.300833
15840,Multiclass classification,Torch LSTM,Insects,0.17355893680156576,0.17355893680156576,0.04929703751524281,0.0998077392578125,305.391639
16896,Multiclass classification,Torch LSTM,Insects,0.17863273157738976,0.17863273157738976,0.050519760960176775,0.0998077392578125,344.710041
17952,Multiclass classification,Torch LSTM,Insects,0.18099270235641468,0.1809927023564147,0.05108490566037736,0.0998077392578125,386.19124899999997
19008,Multiclass classification,Torch LSTM,Insects,0.1709370232019782,0.1709370232019782,0.04866103522645578,0.0998077392578125,429.896151
20064,Multiclass classification,Torch LSTM,Insects,0.16238847629965608,0.16238847629965608,0.04656747137772823,0.0998077392578125,475.79407799999996
21120,Multiclass classification,Torch LSTM,Insects,0.15516833183389364,0.15516833183389364,0.04477509974312729,0.0998077392578125,523.818151
22176,Multiclass classification,Torch LSTM,Insects,0.14850056369785794,0.14850056369785794,0.0430998377048322,0.0998077392578125,573.9435589999999
23232,Multiclass classification,Torch LSTM,Insects,0.1428263957642805,0.1428263957642805,0.041658819541225654,0.0998077392578125,626.082101
24288,Multiclass classification,Torch LSTM,Insects,0.13739860830897188,0.13739860830897188,0.04026691765614442,0.0998077392578125,680.2417829999999
25344,Multiclass classification,Torch LSTM,Insects,0.13242315432269267,0.13242315432269267,0.038979290799911734,0.0998077392578125,736.6321989999999
26400,Multiclass classification,Torch LSTM,Insects,0.12784575173302018,0.12784575173302018,0.03778464432054812,0.0998077392578125,795.2263979999999
27456,Multiclass classification,Torch LSTM,Insects,0.12387543252595155,0.12387543252595155,0.036740558292282434,0.0998077392578125,855.7724499999999
28512,Multiclass classification,Torch LSTM,Insects,0.1276349479148399,0.1276349479148399,0.0377293934681182,0.0998077392578125,918.2414259999999
29568,Multiclass classification,Torch LSTM,Insects,0.13755200054114383,0.13755200054114383,0.040306435947751275,0.0998077392578125,982.6428229999999
30624,Multiclass classification,Torch LSTM,Insects,0.1464911994252686,0.1464911994252686,0.042591168456331235,0.0998077392578125,1048.990948
31680,Multiclass classification,Torch LSTM,Insects,0.15543419931184696,0.15543419931184696,0.04484149750931163,0.0998077392578125,1117.254563
32736,Multiclass classification,Torch LSTM,Insects,0.1640140522376661,0.1640140522376661,0.04696794737210441,0.0998077392578125,1187.456036
33792,Multiclass classification,Torch LSTM,Insects,0.16696753573436715,0.16696753573436715,0.04769271084286427,0.0998077392578125,1259.5606520000001
34848,Multiclass classification,Torch LSTM,Insects,0.1667575401038827,0.1667575401038827,0.047641300605046975,0.0998077392578125,1333.6029460000002
35904,Multiclass classification,Torch LSTM,Insects,0.16792468595939058,0.16792468595939058,0.0479268021240739,0.0998077392578125,1409.6049750000002
36960,Multiclass classification,Torch LSTM,Insects,0.16818636867880624,0.16818636867880624,0.047990735379270406,0.0998077392578125,1487.7564340000001
38016,Multiclass classification,Torch LSTM,Insects,0.1688807049848744,0.1688807049848744,0.04816023404973557,0.0998077392578125,1568.0867670000002
39072,Multiclass classification,Torch LSTM,Insects,0.16618463822272272,0.16618463822272272,0.04750095104322125,0.0998077392578125,1650.4469120000003
40128,Multiclass classification,Torch LSTM,Insects,0.1652503302016099,0.1652503302016099,0.04727176811098279,0.0998077392578125,1734.9415020000004
41184,Multiclass classification,Torch LSTM,Insects,0.16288274287934343,0.16288274287934343,0.04668935708170638,0.0998077392578125,1821.6101210000004
42240,Multiclass classification,Torch LSTM,Insects,0.1605151637112621,0.1605151637112621,0.046104571696689044,0.0998077392578125,1910.3899030000005
43296,Multiclass classification,Torch LSTM,Insects,0.1580090079685876,0.1580090079685876,0.04548295303441307,0.0998077392578125,2001.4266270000005
44352,Multiclass classification,Torch LSTM,Insects,0.15573493269599334,0.15573493269599334,0.044916565869392744,0.0998077392578125,2094.6177480000006
45408,Multiclass classification,Torch LSTM,Insects,0.1536767458761865,0.1536767458761865,0.04440202348000382,0.0998077392578125,2189.9997030000004
46464,Multiclass classification,Torch LSTM,Insects,0.15158298000559586,0.15158298000559586,0.04387669918638409,0.0998077392578125,2287.4804480000003
47520,Multiclass classification,Torch LSTM,Insects,0.15355962878006693,0.15355962878006693,0.04437268923915159,0.0998077392578125,2386.98082
48576,Multiclass classification,Torch LSTM,Insects,0.15759135357694287,0.15759135357694287,0.045379097753275234,0.0998077392578125,2488.490166
49632,Multiclass classification,Torch LSTM,Insects,0.16157240434405915,0.16157240434405915,0.046366001734605373,0.0998077392578125,2592.020844
50688,Multiclass classification,Torch LSTM,Insects,0.16483516483516483,0.16483516483516483,0.04716981132075471,0.0998077392578125,2697.5973630000003
51744,Multiclass classification,Torch LSTM,Insects,0.16831262199717836,0.16831262199717836,0.04802157083305763,0.0998077392578125,2805.2450540000004
52800,Multiclass classification,Torch LSTM,Insects,0.1668024015606356,0.1668024015606356,0.04765228495060005,0.0998077392578125,2914.9124260000003
408,Multiclass classification,Torch LSTM,Keystroke,0.9803439803439803,0.9803439803439803,0.49503722084367247,0.0984954833984375,1.26998
816,Multiclass classification,Torch LSTM,Keystroke,0.48957055214723927,0.48957055214723927,0.21911037891268534,0.0985727310180664,3.7930460000000004
1224,Multiclass classification,Torch LSTM,Keystroke,0.32624693376941943,0.32624693376941943,0.12299630086313193,0.09864997863769531,7.423615
1632,Multiclass classification,Torch LSTM,Keystroke,0.2446351931330472,0.2446351931330472,0.07862068965517241,0.09875774383544922,12.011969
2040,Multiclass classification,Torch LSTM,Keystroke,0.19568415890142227,0.19568415890142227,0.054552912223133715,0.09895706176757812,17.56296
2448,Multiclass classification,Torch LSTM,Keystroke,0.16305680425010216,0.16305680425010216,0.04005621925509487,0.09903430938720703,24.160422
2856,Multiclass classification,Torch LSTM,Keystroke,0.13975481611208407,0.13975481611208407,0.03065457897971727,0.09961509704589844,31.745848000000002
3264,Multiclass classification,Torch LSTM,Keystroke,0.12228011032791909,0.12228011032791909,0.024212634261787727,0.09924983978271484,40.442846
3672,Multiclass classification,Torch LSTM,Keystroke,0.10868973031871425,0.10868973031871425,0.019606879606879606,0.09932708740234375,50.135393
4080,Multiclass classification,Torch LSTM,Keystroke,0.097818092669772,0.09781809266977198,0.016200414145925532,0.09964466094970703,60.833326
4488,Multiclass classification,Torch LSTM,Keystroke,0.08892355694227769,0.08892355694227769,0.013610315186246417,0.09972190856933594,72.452175
4896,Multiclass classification,Torch LSTM,Keystroke,0.081511746680286,0.081511746680286,0.01159512946441545,0.09979915618896484,85.044517
5304,Multiclass classification,Torch LSTM,Keystroke,0.07524042994531398,0.07524042994531398,0.009996492458786392,0.09987640380859375,98.552117
5712,Multiclass classification,Torch LSTM,Keystroke,0.06986517247417265,0.06986517247417265,0.008707037643207856,0.09995365142822266,113.03539699999999
6120,Multiclass classification,Torch LSTM,Keystroke,0.06520673312632783,0.06520673312632783,0.007651887081926972,0.10053443908691406,128.446894
6528,Multiclass classification,Torch LSTM,Keystroke,0.061130687911751184,0.06113068791175119,0.006777530532859981,0.10016918182373047,144.82829299999997
6936,Multiclass classification,Torch LSTM,Keystroke,0.057534246575342465,0.057534246575342465,0.006044905008635578,0.10024642944335938,162.13491599999998
7344,Multiclass classification,Torch LSTM,Keystroke,0.05433746425166826,0.054337464251668265,0.0054249547920434,0.10032367706298828,180.33491299999997
7752,Multiclass classification,Torch LSTM,Keystroke,0.051477228744678104,0.051477228744678104,0.004895705521472392,0.10040092468261719,199.43763799999996
8160,Multiclass classification,Torch LSTM,Keystroke,0.0489030518445888,0.0489030518445888,0.004440289787333489,0.1004781723022461,219.42282299999997
8568,Multiclass classification,Torch LSTM,Keystroke,0.04657406326602078,0.04657406326602079,0.004045586356538844,0.10106658935546875,240.28052199999996
8976,Multiclass classification,Torch LSTM,Keystroke,0.04445682451253482,0.04445682451253481,0.003701264366749845,0.10114383697509766,262.02530699999994
9384,Multiclass classification,Torch LSTM,Keystroke,0.04252371309815624,0.04252371309815624,0.0033991003884686157,0.10172462463378906,284.6371439999999
9792,Multiclass classification,Torch LSTM,Keystroke,0.040751710754774795,0.040751710754774795,0.0031324828263002945,0.10135936737060547,308.22341299999994
10200,Multiclass classification,Torch LSTM,Keystroke,0.03912148249828414,0.03912148249828414,0.0028960471496799105,0.10143661499023438,332.8197859999999
10608,Multiclass classification,Torch LSTM,Keystroke,0.037616668237956064,0.037616668237956064,0.002685403921093545,0.10151386260986328,358.4203329999999
11016,Multiclass classification,Torch LSTM,Keystroke,0.03622333182024512,0.03622333182024512,0.0024969335903276676,0.10159111022949219,384.9788659999999
11424,Multiclass classification,Torch LSTM,Keystroke,0.034929528144970676,0.034929528144970676,0.002327629959339397,0.1016683578491211,412.49696199999994
11832,Multiclass classification,Torch LSTM,Keystroke,0.03372495985123827,0.03372495985123827,0.0021749795584627965,0.10174560546875,440.9170919999999
12240,Multiclass classification,Torch LSTM,Keystroke,0.03260070267178691,0.03260070267178691,0.002036867817998969,0.1018228530883789,470.2219249999999
12648,Multiclass classification,Torch LSTM,Keystroke,0.03154898394876255,0.03154898394876255,0.0019115054422811587,0.10237693786621094,500.4577449999999
13056,Multiclass classification,Torch LSTM,Keystroke,0.030563002680965148,0.030563002680965148,0.0017973701636552833,0.10201168060302734,531.5954659999999
13464,Multiclass classification,Torch LSTM,Keystroke,0.029636782292208275,0.029636782292208275,0.0016931603113038607,0.10208892822265625,563.6478239999999
13872,Multiclass classification,Torch LSTM,Keystroke,0.028765049383606085,0.028765049383606085,0.0015977575332866154,0.10216617584228516,596.6071189999999
14280,Multiclass classification,Torch LSTM,Keystroke,0.02794313327263814,0.02794313327263814,0.0015101966662124722,0.10224342346191406,630.4908399999999
14688,Multiclass classification,Torch LSTM,Keystroke,0.027166882276843468,0.027166882276843468,0.0014296412281298932,0.10232067108154297,665.288325
15096,Multiclass classification,Torch LSTM,Keystroke,0.026432593574031136,0.026432593574031132,0.0013553633664644378,0.10239791870117188,700.992592
15504,Multiclass classification,Torch LSTM,Keystroke,0.02573695413790879,0.02573695413790879,0.001286727358919536,0.10247516632080078,737.684624
15912,Multiclass classification,Torch LSTM,Keystroke,0.025076990761108666,0.025076990761108666,0.001223175965665236,0.10305595397949219,775.295112
16320,Multiclass classification,Torch LSTM,Keystroke,0.02445002757521907,0.02445002757521907,0.0011642190832723018,0.1027212142944336,813.7611420000001
16728,Multiclass classification,Torch LSTM,Keystroke,0.02385364978776828,0.02385364978776828,0.001109424267196076,0.1027984619140625,853.0929990000001
17136,Multiclass classification,Torch LSTM,Keystroke,0.02328567259994164,0.02328567259994164,0.0010584087792222948,0.10389423370361328,893.284021
17544,Multiclass classification,Torch LSTM,Keystroke,0.02274411446160862,0.02274411446160862,0.0010108328857632168,0.10397148132324219,934.310789
17952,Multiclass classification,Torch LSTM,Keystroke,0.022227173973594787,0.022227173973594787,0.0009663941871026339,0.1040487289428711,976.171145
18360,Multiclass classification,Torch LSTM,Keystroke,0.021733209869818616,0.021733209869818616,0.0009248228002429108,0.1041259765625,1018.88994
18768,Multiclass classification,Torch LSTM,Keystroke,0.02126072361059306,0.02126072361059306,0.0008858772516046812,0.1042032241821289,1062.496519
19176,Multiclass classification,Torch LSTM,Keystroke,0.020808344198174705,0.020808344198174705,0.0008493409625012771,0.10478401184082031,1106.972258
19584,Multiclass classification,Torch LSTM,Keystroke,0.02037481489046622,0.02037481489046622,0.0008150192315941491,0.10435771942138672,1152.304606
19992,Multiclass classification,Torch LSTM,Keystroke,0.019958981541693763,0.019958981541693763,0.0007827366356056891,0.10443496704101562,1198.497691
20400,Multiclass classification,Torch LSTM,Keystroke,0.01955978234227168,0.01955978234227168,0.0007523347833219258,0.10451221466064453,1245.538571
46,Multiclass classification,[baseline] Last Class,ImageSegments,0.17777777777777778,0.17777777777777778,0.15260266049739735,0.0013666152954101562,0.004333
92,Multiclass classification,[baseline] Last Class,ImageSegments,0.13186813186813187,0.13186813186813187,0.1213108980966124,0.0013637542724609375,0.012832
138,Multiclass classification,[baseline] Last Class,ImageSegments,0.12408759124087591,0.12408759124087591,0.11874455065544491,0.001369476318359375,0.025289
184,Multiclass classification,[baseline] Last Class,ImageSegments,0.12568306010928962,0.12568306010928962,0.12262983423071581,0.0013647079467773438,0.040214
230,Multiclass classification,[baseline] Last Class,ImageSegments,0.12663755458515283,0.12663755458515283,0.12503852041208066,0.0013637542724609375,0.058761999999999995
276,Multiclass classification,[baseline] Last Class,ImageSegments,0.12727272727272726,0.12727272727272726,0.12427907918144997,0.0013666152954101562,0.080065
322,Multiclass classification,[baseline] Last Class,ImageSegments,0.13395638629283488,0.13395638629283488,0.13210036596246022,0.0013666152954101562,0.10573199999999999
368,Multiclass classification,[baseline] Last Class,ImageSegments,0.13896457765667575,0.13896457765667575,0.13745011462972964,0.0013675689697265625,0.134544
414,Multiclass classification,[baseline] Last Class,ImageSegments,0.14043583535108958,0.14043583535108958,0.14035813096947544,0.0013666152954101562,0.165652
460,Multiclass classification,[baseline] Last Class,ImageSegments,0.14596949891067537,0.14596949891067537,0.1456314871072795,0.00136566162109375,0.19911
506,Multiclass classification,[baseline] Last Class,ImageSegments,0.13861386138613863,0.13861386138613863,0.13833816102314941,0.0013666152954101562,0.235047
552,Multiclass classification,[baseline] Last Class,ImageSegments,0.1397459165154265,0.1397459165154265,0.139386524917779,0.0013666152954101562,0.273519
598,Multiclass classification,[baseline] Last Class,ImageSegments,0.1373534338358459,0.1373534338358459,0.13727981043458612,0.0013675689697265625,0.314305
644,Multiclass classification,[baseline] Last Class,ImageSegments,0.13996889580093314,0.13996889580093314,0.14017571709017962,0.0013666152954101562,0.358126
690,Multiclass classification,[baseline] Last Class,ImageSegments,0.1378809869375907,0.1378809869375907,0.13801517784553327,0.001369476318359375,0.404223
736,Multiclass classification,[baseline] Last Class,ImageSegments,0.1401360544217687,0.1401360544217687,0.14031088927958282,0.0013675689697265625,0.452806
782,Multiclass classification,[baseline] Last Class,ImageSegments,0.14212548015364918,0.14212548015364918,0.1420930265541123,0.0013647079467773438,0.504691
828,Multiclass classification,[baseline] Last Class,ImageSegments,0.14268440145102781,0.14268440145102781,0.14229874553046912,0.0013666152954101562,0.558947
874,Multiclass classification,[baseline] Last Class,ImageSegments,0.13860252004581902,0.13860252004581902,0.13845352694595275,0.0013647079467773438,0.615391
920,Multiclass classification,[baseline] Last Class,ImageSegments,0.13492927094668117,0.13492927094668117,0.1348083913046733,0.0013666152954101562,0.674268
966,Multiclass classification,[baseline] Last Class,ImageSegments,0.13367875647668392,0.13367875647668392,0.13349177774445278,0.0013637542724609375,0.737278
1012,Multiclass classification,[baseline] Last Class,ImageSegments,0.13254203758654798,0.13254203758654798,0.1324936677659038,0.0013675689697265625,0.802544
1058,Multiclass classification,[baseline] Last Class,ImageSegments,0.13339640491958374,0.13339640491958374,0.1331834965440007,0.00136566162109375,0.870034
1104,Multiclass classification,[baseline] Last Class,ImageSegments,0.13417951042611062,0.13417951042611062,0.13402826529501538,0.0013666152954101562,0.940472
1150,Multiclass classification,[baseline] Last Class,ImageSegments,0.134029590948651,0.134029590948651,0.13406391150519123,0.0013637542724609375,1.014564
1196,Multiclass classification,[baseline] Last Class,ImageSegments,0.13640167364016736,0.13640167364016736,0.1363948420172951,0.001369476318359375,1.091542
1242,Multiclass classification,[baseline] Last Class,ImageSegments,0.13940370668815472,0.13940370668815472,0.13919772383892223,0.0013637542724609375,1.171031
1288,Multiclass classification,[baseline] Last Class,ImageSegments,0.1414141414141414,0.1414141414141414,0.14118715023210152,0.0013666152954101562,1.254232
1334,Multiclass classification,[baseline] Last Class,ImageSegments,0.14328582145536384,0.14328582145536384,0.14302553278156668,0.0013637542724609375,1.340886
1380,Multiclass classification,[baseline] Last Class,ImageSegments,0.14358230601885424,0.14358230601885424,0.1433209000486506,0.001369476318359375,1.430691
1426,Multiclass classification,[baseline] Last Class,ImageSegments,0.14175438596491227,0.14175438596491227,0.14145466559291123,0.001369476318359375,1.5251249999999998
1472,Multiclass classification,[baseline] Last Class,ImageSegments,0.13936097892590074,0.13936097892590074,0.13907629713942624,0.0013647079467773438,1.6240839999999999
1518,Multiclass classification,[baseline] Last Class,ImageSegments,0.13974950560316415,0.13974950560316415,0.13951366685898453,0.0013666152954101562,1.7266599999999999
1564,Multiclass classification,[baseline] Last Class,ImageSegments,0.13691618682021753,0.13691618682021753,0.13664170474395118,0.0013666152954101562,1.8334009999999998
1610,Multiclass classification,[baseline] Last Class,ImageSegments,0.13610938471100062,0.13610938471100062,0.13597683881903072,0.0013637542724609375,1.9423709999999998
1656,Multiclass classification,[baseline] Last Class,ImageSegments,0.1365558912386707,0.1365558912386707,0.13633224623774592,0.001369476318359375,2.0544949999999997
1702,Multiclass classification,[baseline] Last Class,ImageSegments,0.13932980599647266,0.13932980599647266,0.13901296274399097,0.0013675689697265625,2.170568
1748,Multiclass classification,[baseline] Last Class,ImageSegments,0.14195764167143674,0.14195764167143674,0.14147197312723647,0.00136566162109375,2.2909289999999998
1794,Multiclass classification,[baseline] Last Class,ImageSegments,0.14221974344673732,0.14221974344673732,0.14194103966110075,0.0013647079467773438,2.4155749999999996
1840,Multiclass classification,[baseline] Last Class,ImageSegments,0.14138118542686243,0.14138118542686243,0.1411432976659866,0.0013675689697265625,2.5437179999999997
1886,Multiclass classification,[baseline] Last Class,ImageSegments,0.140053050397878,0.140053050397878,0.13973258713820758,0.0013666152954101562,2.6751059999999995
1932,Multiclass classification,[baseline] Last Class,ImageSegments,0.14293112377006734,0.14293112377006734,0.14275229229825856,0.0013666152954101562,2.8091489999999997
1978,Multiclass classification,[baseline] Last Class,ImageSegments,0.14618108244815378,0.14618108244815378,0.14597158151605963,0.001369476318359375,2.9478229999999996
2024,Multiclass classification,[baseline] Last Class,ImageSegments,0.14434008897676717,0.14434008897676717,0.14416625237761063,0.001369476318359375,3.0890539999999995
2070,Multiclass classification,[baseline] Last Class,ImageSegments,0.14403093281778637,0.14403093281778637,0.1438554349712762,0.0013666152954101562,3.2344969999999993
2116,Multiclass classification,[baseline] Last Class,ImageSegments,0.14468085106382977,0.14468085106382977,0.14460362317776573,0.0013637542724609375,3.383034999999999
2162,Multiclass classification,[baseline] Last Class,ImageSegments,0.14530310041647385,0.14530310041647385,0.14520465913821792,0.001369476318359375,3.534404999999999
2208,Multiclass classification,[baseline] Last Class,ImageSegments,0.14499320344358857,0.14499320344358857,0.14491109851991696,0.001369476318359375,3.690822999999999
2254,Multiclass classification,[baseline] Last Class,ImageSegments,0.14647137150466044,0.14647137150466044,0.14640425534129609,0.0013666152954101562,3.851728999999999
2300,Multiclass classification,[baseline] Last Class,ImageSegments,0.14789038712483688,0.14789038712483688,0.14788688524810298,0.0013675689697265625,4.015631999999999
1056,Multiclass classification,[baseline] Last Class,Insects,0.15829383886255924,0.15829383886255924,0.1376212379233521,0.0013856887817382812,0.101476
2112,Multiclass classification,[baseline] Last Class,Insects,0.16579819990525818,0.16579819990525818,0.15110451064118433,0.0013856887817382812,0.29023899999999997
3168,Multiclass classification,[baseline] Last Class,Insects,0.17019261130407326,0.17019261130407326,0.15681512355039637,0.0013885498046875,0.565215
4224,Multiclass classification,[baseline] Last Class,Insects,0.16599573762727918,0.16599573762727918,0.15254433156050665,0.0013856887817382812,0.92995
5280,Multiclass classification,[baseline] Last Class,Insects,0.17086569426027656,0.17086569426027656,0.15676679113993594,0.0013837814331054688,1.389499
6336,Multiclass classification,[baseline] Last Class,Insects,0.17379636937647988,0.17379636937647988,0.16137568195972998,0.0013837814331054688,1.937033
7392,Multiclass classification,[baseline] Last Class,Insects,0.1752130970098769,0.1752130970098769,0.16189407904134778,0.0013837814331054688,2.57682
8448,Multiclass classification,[baseline] Last Class,Insects,0.17722268260921037,0.17722268260921037,0.16374004517086402,0.0013818740844726562,3.3060840000000002
9504,Multiclass classification,[baseline] Last Class,Insects,0.17731242765442493,0.17731242765442493,0.1637492974453096,0.0013885498046875,4.130345
10560,Multiclass classification,[baseline] Last Class,Insects,0.17908892887584052,0.17908892887584052,0.16564210767474952,0.0013837814331054688,5.04147
11616,Multiclass classification,[baseline] Last Class,Insects,0.17899268187688333,0.17899268187688333,0.16559253835337615,0.0013856887817382812,6.050544
12672,Multiclass classification,[baseline] Last Class,Insects,0.18530502722752742,0.1853050272275274,0.182698099884098,0.0013866424560546875,7.1464
13728,Multiclass classification,[baseline] Last Class,Insects,0.24797843665768193,0.24797843665768193,0.26603936845528803,0.0013866424560546875,8.330718
14784,Multiclass classification,[baseline] Last Class,Insects,0.2795778935263478,0.2795778935263478,0.28229742751715126,0.0013818740844726562,9.612843
15840,Multiclass classification,[baseline] Last Class,Insects,0.27615379758823155,0.27615379758823155,0.2847375853365436,0.0013818740844726562,10.992875
16896,Multiclass classification,[baseline] Last Class,Insects,0.2723290914471737,0.2723290914471737,0.2859139704285301,0.0013856887817382812,12.466372999999999
17952,Multiclass classification,[baseline] Last Class,Insects,0.2720739791655061,0.2720739791655061,0.28801432065038773,0.0013866424560546875,14.024242
19008,Multiclass classification,[baseline] Last Class,Insects,0.28252748987215237,0.28252748987215237,0.28775044293210866,0.0013866424560546875,15.680423
20064,Multiclass classification,[baseline] Last Class,Insects,0.28724517769027563,0.28724517769027563,0.28667392366619265,0.0013818740844726562,17.437098
21120,Multiclass classification,[baseline] Last Class,Insects,0.28306264501160094,0.28306264501160094,0.28164766024255256,0.0013837814331054688,19.274309
22176,Multiclass classification,[baseline] Last Class,Insects,0.2805411499436302,0.2805411499436302,0.2786296072528009,0.0013866424560546875,21.191143
23232,Multiclass classification,[baseline] Last Class,Insects,0.2797124531875511,0.2797124531875511,0.27719419757933417,0.0013856887817382812,23.202657000000002
24288,Multiclass classification,[baseline] Last Class,Insects,0.2777205912628155,0.2777205912628155,0.2745878480946636,0.0013866424560546875,25.295672000000003
25344,Multiclass classification,[baseline] Last Class,Insects,0.2756579726157124,0.2756579726157124,0.27233803052028965,0.0013818740844726562,27.471109000000002
26400,Multiclass classification,[baseline] Last Class,Insects,0.27394977082465244,0.27394977082465244,0.2699690442569992,0.0013837814331054688,29.739582000000002
27456,Multiclass classification,[baseline] Last Class,Insects,0.27189947186304864,0.27189947186304864,0.26719485323886255,0.0013866424560546875,32.107008
28512,Multiclass classification,[baseline] Last Class,Insects,0.2723860965942969,0.2723860965942969,0.2686965366571337,0.0013885498046875,34.565743
29568,Multiclass classification,[baseline] Last Class,Insects,0.2738187844556431,0.2738187844556431,0.2720266804437783,0.0013885498046875,37.108352999999994
30624,Multiclass classification,[baseline] Last Class,Insects,0.27538124938771513,0.27538124938771513,0.27486986638103517,0.0013885498046875,39.732701999999996
31680,Multiclass classification,[baseline] Last Class,Insects,0.2780390795163989,0.2780390795163989,0.2784141751235631,0.0013856887817382812,42.442603
32736,Multiclass classification,[baseline] Last Class,Insects,0.279670077898274,0.279670077898274,0.2802192251245276,0.0013837814331054688,45.231035
33792,Multiclass classification,[baseline] Last Class,Insects,0.2808440117190968,0.2808440117190968,0.2811962745371706,0.0013856887817382812,48.097814
34848,Multiclass classification,[baseline] Last Class,Insects,0.2772405085086234,0.2772405085086234,0.27819051828647573,0.0013837814331054688,51.061218
35904,Multiclass classification,[baseline] Last Class,Insects,0.2739325404562293,0.2739325404562293,0.2754200456137155,0.0013856887817382812,54.099377
36960,Multiclass classification,[baseline] Last Class,Insects,0.271246516410076,0.271246516410076,0.27333283767820205,0.0013818740844726562,57.212981
38016,Multiclass classification,[baseline] Last Class,Insects,0.26855188741286334,0.26855188741286334,0.2710722002891223,0.0013856887817382812,60.402594
39072,Multiclass classification,[baseline] Last Class,Insects,0.277034117376059,0.277034117376059,0.27706198207998667,0.0013866424560546875,63.661616
40128,Multiclass classification,[baseline] Last Class,Insects,0.27617315024796274,0.27617315024796274,0.27607690066230733,0.0013837814331054688,66.993311
41184,Multiclass classification,[baseline] Last Class,Insects,0.27567200058276475,0.27567200058276475,0.2754352632972117,0.0013837814331054688,70.39621000000001
42240,Multiclass classification,[baseline] Last Class,Insects,0.27401216884869434,0.27401216884869434,0.2735946193588543,0.0013885498046875,73.875076
43296,Multiclass classification,[baseline] Last Class,Insects,0.2738422450629403,0.2738422450629403,0.27319488690835797,0.0013856887817382812,77.423107
44352,Multiclass classification,[baseline] Last Class,Insects,0.2729588960790061,0.2729588960790061,0.27209116538690487,0.0013866424560546875,81.043876
45408,Multiclass classification,[baseline] Last Class,Insects,0.27205056489087587,0.27205056489087587,0.2708084959373003,0.0013866424560546875,84.73236899999999
46464,Multiclass classification,[baseline] Last Class,Insects,0.27137722488862104,0.27137722488862104,0.26986314104154363,0.0013837814331054688,88.48992299999999
47520,Multiclass classification,[baseline] Last Class,Insects,0.27235421620825356,0.27235421620825356,0.27170627983222856,0.0013837814331054688,92.32997599999999
48576,Multiclass classification,[baseline] Last Class,Insects,0.2741327843540916,0.2741327843540916,0.27449463409742436,0.0013818740844726562,96.23999999999998
49632,Multiclass classification,[baseline] Last Class,Insects,0.27535209848683284,0.27535209848683284,0.2765036876430403,0.0013818740844726562,100.22021399999998
50688,Multiclass classification,[baseline] Last Class,Insects,0.2768362696549411,0.2768362696549411,0.2786344091273496,0.0013837814331054688,104.26709399999999
51744,Multiclass classification,[baseline] Last Class,Insects,0.27827918752294994,0.27827918752294994,0.2805971515128955,0.0013885498046875,108.37783699999999
52800,Multiclass classification,[baseline] Last Class,Insects,0.28911532415386654,0.28911532415386654,0.2892953202729756,0.0013866424560546875,112.55613599999998
408,Multiclass classification,[baseline] Last Class,Keystroke,0.9975429975429976,0.9975429975429976,0.9660408844388819,0.0006122589111328125,0.04267
816,Multiclass classification,[baseline] Last Class,Keystroke,0.9975460122699387,0.9975460122699387,0.9879967903427672,0.0006628036499023438,0.120056
1224,Multiclass classification,[baseline] Last Class,Keystroke,0.9975470155355682,0.9975470155355682,0.9931179599499375,0.000713348388671875,0.24152099999999999
1632,Multiclass classification,[baseline] Last Class,Keystroke,0.9975475168608215,0.9975475168608215,0.9950750839342829,0.0012521743774414062,0.399941
2040,Multiclass classification,[baseline] Last Class,Keystroke,0.9975478175576263,0.9975478175576263,0.9960150346160551,0.0013027191162109375,0.596204
2448,Multiclass classification,[baseline] Last Class,Keystroke,0.9975480179812015,0.9975480179812015,0.9965317313935653,0.0013532638549804688,0.8311959999999999
2856,Multiclass classification,[baseline] Last Class,Keystroke,0.9975481611208407,0.9975481611208407,0.9968424283169279,0.00140380859375,1.1002809999999998
3264,Multiclass classification,[baseline] Last Class,Keystroke,0.9975482684646031,0.9975482684646031,0.9970416021996003,0.0014543533325195312,1.4022519999999998
3672,Multiclass classification,[baseline] Last Class,Keystroke,0.9975483519476982,0.9975483519476982,0.9971755428551425,0.0015048980712890625,1.7389899999999998
4080,Multiclass classification,[baseline] Last Class,Keystroke,0.9975484187300809,0.9975484187300809,0.9972690115789393,0.0015554428100585938,2.1108719999999996
4488,Multiclass classification,[baseline] Last Class,Keystroke,0.9975484733675062,0.9975484733675062,0.9973361791525123,0.001605987548828125,2.5121729999999998
4896,Multiclass classification,[baseline] Last Class,Keystroke,0.9975485188968335,0.9975485188968335,0.9973856025730918,0.0016565322875976562,2.9460599999999997
5304,Multiclass classification,[baseline] Last Class,Keystroke,0.9975485574203281,0.9975485574203281,0.997422679833574,0.0017070770263671875,3.4213789999999995
5712,Multiclass classification,[baseline] Last Class,Keystroke,0.9975485904395027,0.9975485904395027,0.9974509420407799,0.0017576217651367188,3.9320249999999994
6120,Multiclass classification,[baseline] Last Class,Keystroke,0.9975486190554013,0.9975486190554013,0.9974727709453766,0.00180816650390625,4.480383
6528,Multiclass classification,[baseline] Last Class,Keystroke,0.9975486440937643,0.9975486440937643,0.997489815700999,0.0018587112426757812,5.071594
6936,Multiclass classification,[baseline] Last Class,Keystroke,0.997548666186013,0.997548666186013,0.9975032443691146,0.0019092559814453125,5.697166
7344,Multiclass classification,[baseline] Last Class,Keystroke,0.997548685823233,0.997548685823233,0.9975139007887863,0.0034246444702148438,6.360201
7752,Multiclass classification,[baseline] Last Class,Keystroke,0.9975487033931105,0.9975487033931105,0.9975224052755716,0.003475189208984375,7.0584299999999995
8160,Multiclass classification,[baseline] Last Class,Keystroke,0.997548719205785,0.997548719205785,0.9975292209193424,0.0035257339477539062,7.791327
8568,Multiclass classification,[baseline] Last Class,Keystroke,0.9975487335123147,0.9975487335123147,0.9975346982235258,0.0035762786865234375,8.553887
8976,Multiclass classification,[baseline] Last Class,Keystroke,0.9975487465181059,0.9975487465181059,0.9975391057693664,0.0036268234252929688,9.349039
9384,Multiclass classification,[baseline] Last Class,Keystroke,0.9975487583928381,0.9975487583928381,0.997542651662671,0.0036773681640625,10.17639
9792,Multiclass classification,[baseline] Last Class,Keystroke,0.9975487692779083,0.9975487692779083,0.9975454987794795,0.0037279129028320312,11.036669999999999
10200,Multiclass classification,[baseline] Last Class,Keystroke,0.9975487792920874,0.9975487792920874,0.9975477757646257,0.0037784576416015625,11.929521999999999
10608,Multiclass classification,[baseline] Last Class,Keystroke,0.9975487885358726,0.9975487885358726,0.9975495850737116,0.0038290023803710938,12.854368
11016,Multiclass classification,[baseline] Last Class,Keystroke,0.9975487970948707,0.9975487970948707,0.9975510089260563,0.003879547119140625,13.809451999999999
11424,Multiclass classification,[baseline] Last Class,Keystroke,0.9975488050424582,0.9975488050424582,0.9975521137613481,0.003930091857910156,14.797771999999998
11832,Multiclass classification,[baseline] Last Class,Keystroke,0.99754881244189,0.99754881244189,0.9975529536110199,0.0039806365966796875,15.823882999999999
12240,Multiclass classification,[baseline] Last Class,Keystroke,0.9975488193479859,0.9975488193479859,0.9975535726732964,0.004031181335449219,16.883875999999997
12648,Multiclass classification,[baseline] Last Class,Keystroke,0.9975488258084921,0.9975488258084921,0.9975540072976318,0.00408172607421875,17.979533999999997
13056,Multiclass classification,[baseline] Last Class,Keystroke,0.9975488318651857,0.9975488318651857,0.997554287526727,0.004132270812988281,19.10984
13464,Multiclass classification,[baseline] Last Class,Keystroke,0.9975488375547797,0.9975488375547797,0.9975544383040469,0.0041828155517578125,20.281104
13872,Multiclass classification,[baseline] Last Class,Keystroke,0.9975488429096676,0.9975488429096676,0.9975544804262364,0.004233360290527344,21.484033999999998
14280,Multiclass classification,[baseline] Last Class,Keystroke,0.9975488479585405,0.9975488479585405,0.9975544312994103,0.004283905029296875,22.727142999999998
14688,Multiclass classification,[baseline] Last Class,Keystroke,0.9975488527269013,0.9975488527269013,0.9975543055435039,0.004334449768066406,24.006756
15096,Multiclass classification,[baseline] Last Class,Keystroke,0.9975488572374959,0.9975488572374959,0.9975541154780816,0.0043849945068359375,25.316634999999998
15504,Multiclass classification,[baseline] Last Class,Keystroke,0.9975488615106753,0.9975488615106753,0.9975538715150369,0.004435539245605469,26.657560999999998
15912,Multiclass classification,[baseline] Last Class,Keystroke,0.9975488655647037,0.9975488655647037,0.9975535824776959,0.004486083984375,28.033800999999997
16320,Multiclass classification,[baseline] Last Class,Keystroke,0.9975488694160182,0.9975488694160182,0.9975532558614028,0.004536628723144531,29.442161
16728,Multiclass classification,[baseline] Last Class,Keystroke,0.9975488730794524,0.9975488730794524,0.9975528980473138,0.0045871734619140625,30.881199
17136,Multiclass classification,[baseline] Last Class,Keystroke,0.9975488765684272,0.9975488765684272,0.9975525144785747,0.004637718200683594,32.356722
17544,Multiclass classification,[baseline] Last Class,Keystroke,0.9975488798951149,0.9975488798951149,0.997552109806108,0.004688262939453125,33.86129
17952,Multiclass classification,[baseline] Last Class,Keystroke,0.997548883070581,0.997548883070581,0.9975516880097278,0.004738807678222656,35.40029199999999
18360,Multiclass classification,[baseline] Last Class,Keystroke,0.9975488861049077,0.9975488861049077,0.9975512524991368,0.0047893524169921875,36.967321999999996
18768,Multiclass classification,[baseline] Last Class,Keystroke,0.9975488890073001,0.9975488890073001,0.9975508061984416,0.004839897155761719,38.56601
19176,Multiclass classification,[baseline] Last Class,Keystroke,0.9975488917861799,0.9975488917861799,0.9975503516171184,0.00489044189453125,40.197555
19584,Multiclass classification,[baseline] Last Class,Keystroke,0.9975488944492672,0.9975488944492672,0.9975498909097889,0.004940986633300781,41.857676
19992,Multiclass classification,[baseline] Last Class,Keystroke,0.9975488970036517,0.9975488970036517,0.9975494259267257,0.0049915313720703125,43.553581
20400,Multiclass classification,[baseline] Last Class,Keystroke,0.9975488994558557,0.9975488994558557,0.9975489582566449,0.005042076110839844,45.289095
