step,track,model,dataset,MAE,RMSE,R2,Memory in Mb,Time in s
11,Regression,Linear regression,ChickWeights,33.88735065993045,34.246152508100316,-1508.6667484529337,0.004153251647949219,0.004594
22,Regression,Linear regression,ChickWeights,26.267946344920865,27.704434195612617,-811.8824207088212,0.004153251647949219,0.011339
33,Regression,Linear regression,ChickWeights,19.55728335022574,22.986086714902566,-365.95423386760734,0.004153251647949219,0.020011
44,Regression,Linear regression,ChickWeights,15.224782870595721,19.948759490648484,-312.3131427806712,0.004153251647949219,0.030774000000000003
55,Regression,Linear regression,ChickWeights,14.553003439303229,20.069089381031528,-77.62508095418768,0.004153251647949219,0.043316
66,Regression,Linear regression,ChickWeights,14.485110456164987,19.272504741702253,-30.25560970475186,0.004153251647949219,0.057741
77,Regression,Linear regression,ChickWeights,13.612335783123134,18.168564265717517,-17.61747552617992,0.004153251647949219,0.074049
88,Regression,Linear regression,ChickWeights,12.28026154319912,17.04483529926584,-13.856387865581107,0.004153251647949219,0.091835
99,Regression,Linear regression,ChickWeights,11.120201682855456,16.091326153076388,-10.07427364702054,0.004153251647949219,0.111191
110,Regression,Linear regression,ChickWeights,10.622487138308513,15.423317929043998,-6.104608587927204,0.004153251647949219,0.13228
121,Regression,Linear regression,ChickWeights,10.187763718570118,14.857425445150113,-4.077531528577425,0.004153251647949219,0.15529700000000002
132,Regression,Linear regression,ChickWeights,9.708119209282374,14.295138781345347,-2.84168886388898,0.004153251647949219,0.18000100000000002
143,Regression,Linear regression,ChickWeights,9.25472895490538,13.786124112602325,-1.8939914664343607,0.004153251647949219,0.206768
154,Regression,Linear regression,ChickWeights,8.867722441240176,13.354254547596572,-1.3078136449275921,0.004153251647949219,0.23556000000000002
165,Regression,Linear regression,ChickWeights,8.840469515631787,13.18273994212064,-0.8078328628088909,0.004153251647949219,0.26610500000000004
176,Regression,Linear regression,ChickWeights,8.824990690040524,13.000832555700743,-0.4177104299696772,0.004153251647949219,0.29765800000000003
187,Regression,Linear regression,ChickWeights,8.72522592930924,12.780948614539446,-0.12184124010636488,0.004153251647949219,0.33029400000000003
198,Regression,Linear regression,ChickWeights,8.57567889910255,12.56807603318826,0.13710848625198058,0.004153251647949219,0.364642
209,Regression,Linear regression,ChickWeights,8.678093236539596,12.645009772727947,0.2799231033275381,0.004153251647949219,0.400776
220,Regression,Linear regression,ChickWeights,9.054423749524236,13.081298227282428,0.3253195900399811,0.004153251647949219,0.43865000000000004
231,Regression,Linear regression,ChickWeights,9.14842670250477,13.09734666693728,0.4214860255467392,0.004153251647949219,0.47835000000000005
242,Regression,Linear regression,ChickWeights,9.28812302322716,13.286611336915835,0.5209480208706836,0.004153251647949219,0.5197830000000001
253,Regression,Linear regression,ChickWeights,9.289170861855217,13.268100652256235,0.5850954741709378,0.004153251647949219,0.5629750000000001
264,Regression,Linear regression,ChickWeights,9.770070299896624,14.028871252492063,0.5761986352829145,0.004233360290527344,0.6081260000000002
275,Regression,Linear regression,ChickWeights,10.170283025642954,14.771265282583233,0.5865647736824571,0.004233360290527344,0.6550670000000002
286,Regression,Linear regression,ChickWeights,10.349803928441515,15.105458704063157,0.6255295552823101,0.004233360290527344,0.7036650000000002
297,Regression,Linear regression,ChickWeights,10.27483978688048,15.065939125094513,0.676922537278301,0.004233360290527344,0.7539560000000002
308,Regression,Linear regression,ChickWeights,10.73522364013424,15.745499822101818,0.6857183150041016,0.004233360290527344,0.8058680000000001
319,Regression,Linear regression,ChickWeights,11.739398718461556,17.899180512415253,0.6314450330608925,0.004233360290527344,0.8595840000000001
330,Regression,Linear regression,ChickWeights,12.157133696980766,18.529520009736828,0.6619921389934205,0.004233360290527344,0.9148830000000001
341,Regression,Linear regression,ChickWeights,12.286289229727991,18.58589129814909,0.6954856709636108,0.004233360290527344,0.9718730000000001
352,Regression,Linear regression,ChickWeights,12.466437851698213,18.727991612201205,0.71893414275383,0.004233360290527344,1.0306840000000002
363,Regression,Linear regression,ChickWeights,13.263218848596114,19.906144817336916,0.6916518119693051,0.004233360290527344,1.0912450000000002
374,Regression,Linear regression,ChickWeights,13.710900920448985,20.89428517730676,0.687702160854923,0.004233360290527344,1.1536060000000004
385,Regression,Linear regression,ChickWeights,14.070915753458308,21.508459382850923,0.7072131733346854,0.004233360290527344,1.2176860000000003
396,Regression,Linear regression,ChickWeights,14.158560470912786,21.46690586151787,0.7280616925489252,0.004233360290527344,1.2835090000000002
407,Regression,Linear regression,ChickWeights,14.980522633951809,22.84094530987127,0.713832426726817,0.004233360290527344,1.3510060000000002
418,Regression,Linear regression,ChickWeights,15.69484736486273,24.17617084950331,0.6990468109817899,0.004233360290527344,1.4202470000000003
429,Regression,Linear regression,ChickWeights,16.235971311019867,25.131947410406845,0.7110013433671821,0.004233360290527344,1.4911250000000003
440,Regression,Linear regression,ChickWeights,16.38732548480175,25.17349453115804,0.7305679501853702,0.004233360290527344,1.5636610000000002
451,Regression,Linear regression,ChickWeights,16.86215217825726,25.754011717666298,0.7299862161342787,0.004233360290527344,1.637674
462,Regression,Linear regression,ChickWeights,17.91457401044997,27.755156695452808,0.705439337723958,0.004233360290527344,1.7132200000000002
473,Regression,Linear regression,ChickWeights,18.71976802141439,29.17470898476174,0.7126162004284723,0.004233360290527344,1.7904670000000003
484,Regression,Linear regression,ChickWeights,19.017899066442833,29.38015831882604,0.724525401516083,0.004233360290527344,1.8694010000000003
495,Regression,Linear regression,ChickWeights,19.443535297816886,29.873197681720942,0.7320927960596009,0.004233360290527344,1.9501380000000004
506,Regression,Linear regression,ChickWeights,20.291686814636794,31.244446202071277,0.7154512946999503,0.004233360290527344,2.032427
517,Regression,Linear regression,ChickWeights,20.98574010584835,32.208988891753364,0.7146414371442318,0.004233360290527344,2.1163980000000002
528,Regression,Linear regression,ChickWeights,21.753052927251158,33.442305870486564,0.7234146364747325,0.004233360290527344,2.201995
539,Regression,Linear regression,ChickWeights,21.88947197964806,33.42285368302283,0.7351442303844249,0.004233360290527344,2.289203
550,Regression,Linear regression,ChickWeights,22.84817364398225,34.96421639538195,0.719085103422856,0.004233360290527344,2.378021
561,Regression,Linear regression,ChickWeights,23.533864903464206,35.87516846908653,0.7171899153162977,0.004233360290527344,2.468435
572,Regression,Linear regression,ChickWeights,24.35517054905934,37.04349643938645,0.721084059423814,0.004233360290527344,2.560323
578,Regression,Linear regression,ChickWeights,24.488017178245396,37.1301184810815,0.7265939532381032,0.004233360290527344,2.6531379999999998
20,Regression,Linear regression,TrumpApproval,25.450598197889367,27.722642168158526,-1801.7007740167155,0.004836082458496094,0.006905
40,Regression,Linear regression,TrumpApproval,16.161821715287225,20.52500353472195,-168.36818578253545,0.004836082458496094,0.018189
60,Regression,Linear regression,TrumpApproval,13.598153426842448,17.650023075481602,-167.84990348617148,0.004836082458496094,0.033115
80,Regression,Linear regression,TrumpApproval,11.471976455723595,15.57287955357304,-130.853526577273,0.004836082458496094,0.051722
100,Regression,Linear regression,TrumpApproval,9.68214596449999,14.000301763028098,-65.86495197305652,0.004836082458496094,0.07425899999999999
120,Regression,Linear regression,TrumpApproval,8.407528871911307,12.826083752582038,-46.60821983259475,0.004836082458496094,0.09925199999999999
140,Regression,Linear regression,TrumpApproval,7.472538801666021,11.906170322018935,-41.393294286859756,0.004836082458496094,0.127549
160,Regression,Linear regression,TrumpApproval,6.733618643045825,11.158042485004945,-31.834941296975664,0.004836082458496094,0.15972
180,Regression,Linear regression,TrumpApproval,6.169700497883502,10.540836666234885,-24.735506613704008,0.004836082458496094,0.195782
200,Regression,Linear regression,TrumpApproval,5.637276771072078,10.00494044658359,-22.254180726223886,0.004836082458496094,0.23573500000000003
220,Regression,Linear regression,TrumpApproval,5.241655419826959,9.54927374382303,-21.85161325503622,0.004836082458496094,0.27915300000000004
240,Regression,Linear regression,TrumpApproval,4.913319228435685,9.152581987384268,-20.150415767752044,0.004836082458496094,0.326147
260,Regression,Linear regression,TrumpApproval,4.6005805709610295,8.798155212164838,-18.80742266052769,0.004996299743652344,0.376533
280,Regression,Linear regression,TrumpApproval,4.361904500660428,8.487782256525982,-18.30077751955779,0.004996299743652344,0.43045900000000004
300,Regression,Linear regression,TrumpApproval,4.177983636763751,8.213886929158212,-16.775985461827688,0.004996299743652344,0.48795600000000006
320,Regression,Linear regression,TrumpApproval,4.0139307736234064,7.965569243720552,-16.545200155417398,0.004996299743652344,0.548956
340,Regression,Linear regression,TrumpApproval,3.8333310128007367,7.732543038375519,-16.47204857346738,0.004996299743652344,0.613108
360,Regression,Linear regression,TrumpApproval,3.6897593066787637,7.521142961358518,-15.665510216700863,0.004996299743652344,0.6806989999999999
380,Regression,Linear regression,TrumpApproval,3.538461118790888,7.323831008705365,-15.349223429441675,0.004996299743652344,0.7515139999999999
400,Regression,Linear regression,TrumpApproval,3.4091144082608653,7.142112931264216,-14.987400990500298,0.004996299743652344,0.8258999999999999
420,Regression,Linear regression,TrumpApproval,3.274315450948267,6.971639846245307,-14.737449692413287,0.004996299743652344,0.9038419999999998
440,Regression,Linear regression,TrumpApproval,3.149988848493481,6.813450459479342,-13.759387787501687,0.004996299743652344,0.9851459999999999
460,Regression,Linear regression,TrumpApproval,3.032669616980346,6.664500091732204,-12.391040745915376,0.004996299743652344,1.0695329999999998
480,Regression,Linear regression,TrumpApproval,2.9173550400627324,6.524482577018096,-11.539008991895379,0.004996299743652344,1.1571909999999999
500,Regression,Linear regression,TrumpApproval,2.807954912193558,6.392842302618011,-10.785575593096237,0.004996299743652344,1.247882
520,Regression,Linear regression,TrumpApproval,2.723485168872324,6.270460764591583,-10.358454981643474,0.004996299743652344,1.341748
540,Regression,Linear regression,TrumpApproval,2.633524897495391,6.153684136612453,-9.8992425332555,0.004996299743652344,1.439157
560,Regression,Linear regression,TrumpApproval,2.570387051594887,6.046110276646843,-9.772211210488283,0.004996299743652344,1.540737
580,Regression,Linear regression,TrumpApproval,2.4924027416343892,5.941372653495799,-9.659500091482936,0.004996299743652344,1.646063
600,Regression,Linear regression,TrumpApproval,2.4388135499001944,5.8441713537233495,-9.199482888813439,0.004996299743652344,1.7551830000000002
620,Regression,Linear regression,TrumpApproval,2.3887915911861994,5.751684836785945,-8.728628472407536,0.004996299743652344,1.8683440000000002
640,Regression,Linear regression,TrumpApproval,2.3256110102598804,5.661913816169264,-8.251099059026629,0.004996299743652344,1.9853090000000002
660,Regression,Linear regression,TrumpApproval,2.2702286010599,5.57630811446073,-7.9089454594890825,0.004996299743652344,2.106373
680,Regression,Linear regression,TrumpApproval,2.2060465626731305,5.493730180025622,-7.783685561251003,0.004996299743652344,2.2304910000000002
700,Regression,Linear regression,TrumpApproval,2.1618193754139763,5.416272458141808,-7.761985660919104,0.004996299743652344,2.3579030000000003
720,Regression,Linear regression,TrumpApproval,2.110198155099334,5.3408595838913095,-7.706868343605596,0.004996299743652344,2.48897
740,Regression,Linear regression,TrumpApproval,2.0582558137583304,5.268337526588014,-7.466921166179052,0.004996299743652344,2.62352
760,Regression,Linear regression,TrumpApproval,2.0145104330074544,5.199164716387705,-7.335376416904921,0.004996299743652344,2.761451
780,Regression,Linear regression,TrumpApproval,1.971659181486197,5.132500160816935,-7.159380930677241,0.004996299743652344,2.902692
800,Regression,Linear regression,TrumpApproval,1.9361445182959502,5.068955044414207,-7.030567155973598,0.004996299743652344,3.047402
820,Regression,Linear regression,TrumpApproval,1.902917420017411,5.007882996322179,-6.924303537057065,0.004996299743652344,3.195411
840,Regression,Linear regression,TrumpApproval,1.870080039242982,4.948759021264203,-6.810140615288514,0.004996299743652344,3.347371
860,Regression,Linear regression,TrumpApproval,1.8335613943605502,4.891208282281314,-6.616400103121971,0.004996299743652344,3.502996
880,Regression,Linear regression,TrumpApproval,1.7964511013053976,4.835429271218082,-6.406690062281856,0.004996299743652344,3.661861
900,Regression,Linear regression,TrumpApproval,1.7623258406833608,4.781604585307492,-6.27323785548519,0.004996299743652344,3.824693
920,Regression,Linear regression,TrumpApproval,1.7306029215144672,4.729712263120168,-6.233153617800399,0.004996299743652344,3.991236
940,Regression,Linear regression,TrumpApproval,1.702960400818237,4.679729546357662,-6.141155722395992,0.004996299743652344,4.1609609999999995
960,Regression,Linear regression,TrumpApproval,1.6749270546266848,4.631185148942295,-6.066893287972357,0.004996299743652344,4.334445
980,Regression,Linear regression,TrumpApproval,1.646741079213146,4.583955755242317,-6.057955228937928,0.004996299743652344,4.511551
1000,Regression,Linear regression,TrumpApproval,1.6217106254309415,4.538333829659335,-6.034621121291893,0.004996299743652344,4.692133
1001,Regression,Linear regression,TrumpApproval,1.620282946229109,4.536070448143657,-6.032298181087672,0.004996299743652344,4.873272
11,Regression,Deep River Linear,ChickWeights,35.49793763323264,35.72681644550956,-1642.032500139009,0.017681121826171875,0.082421
22,Regression,Deep River Linear,ChickWeights,28.753236855972897,29.7998818091089,-939.4987978666106,0.017681121826171875,0.176362
33,Regression,Deep River Linear,ChickWeights,21.91255789001783,24.90202793693095,-429.67657778046646,0.017681121826171875,0.283646
44,Regression,Deep River Linear,ChickWeights,17.278577630492773,21.650930362735355,-368.06252658292993,0.017681121826171875,0.403578
55,Regression,Deep River Linear,ChickWeights,16.817159617489033,22.326875132506014,-96.31093787926618,0.017681121826171875,0.5343519999999999
66,Regression,Deep River Linear,ChickWeights,17.118895356853802,21.811303269378296,-39.03270030996028,0.017681121826171875,0.6757009999999999
77,Regression,Deep River Linear,ChickWeights,16.333494780512602,20.74429277582038,-23.27039470660479,0.017681121826171875,0.8298769999999999
88,Regression,Deep River Linear,ChickWeights,15.03652717816559,19.537045599088202,-18.518452917261428,0.017681121826171875,0.9968559999999999
99,Regression,Deep River Linear,ChickWeights,13.640978861035727,18.453978395612236,-13.565036969151299,0.017681121826171875,1.1753569999999998
110,Regression,Deep River Linear,ChickWeights,12.98635768863288,17.686360114300264,-8.342464610703084,0.017681121826171875,1.3656539999999997
121,Regression,Deep River Linear,ChickWeights,12.476839664307512,17.056129231192756,-5.691545962899495,0.017681121826171875,1.5675069999999998
132,Regression,Deep River Linear,ChickWeights,11.933474641631953,16.429835412600017,-4.0747174018262475,0.017681121826171875,1.7805899999999997
143,Regression,Deep River Linear,ChickWeights,11.357320678609234,15.84420255752515,-2.8225541826867455,0.017681121826171875,2.0051449999999997
154,Regression,Deep River Linear,ChickWeights,10.831704684472703,15.338399869679241,-2.044539042050851,0.017681121826171875,2.24144
165,Regression,Deep River Linear,ChickWeights,10.694747057647415,15.092934745955707,-1.369705060426932,0.017681121826171875,2.4920809999999998
176,Regression,Deep River Linear,ChickWeights,10.612660592083225,14.858135627421635,-0.8517137073785126,0.017681121826171875,2.7542199999999997
187,Regression,Deep River Linear,ChickWeights,10.468869265228669,14.596629561051918,-0.46322258694322693,0.017681121826171875,3.0293209999999995
198,Regression,Deep River Linear,ChickWeights,10.25297023295754,14.332934721355807,-0.12224801235639315,0.017681121826171875,3.3160059999999993
209,Regression,Deep River Linear,ChickWeights,10.329645923307638,14.376178826387259,0.06926194534660535,0.017681121826171875,3.6137309999999996
220,Regression,Deep River Linear,ChickWeights,10.605978332730857,14.672980284840321,0.1511458533242428,0.017681121826171875,3.9231329999999995
231,Regression,Deep River Linear,ChickWeights,10.681061096392668,14.654660265304642,0.2757329660678257,0.017681121826171875,4.2438139999999995
242,Regression,Deep River Linear,ChickWeights,10.784158824765974,14.802953905589344,0.405364339921359,0.017681121826171875,4.575818
253,Regression,Deep River Linear,ChickWeights,10.774618163763767,14.774616209284982,0.4855264237865162,0.017681121826171875,4.918343
264,Regression,Deep River Linear,ChickWeights,11.171909368286528,15.391581608168972,0.48986703298338863,0.017734527587890625,5.27263
275,Regression,Deep River Linear,ChickWeights,11.52885010448369,16.03172881739041,0.5129956978565536,0.017734527587890625,5.639248
286,Regression,Deep River Linear,ChickWeights,11.693670746225575,16.32954672275798,0.5623791855847199,0.017734527587890625,6.016723000000001
297,Regression,Deep River Linear,ChickWeights,11.603731925941075,16.275061088514736,0.6229842428771264,0.017734527587890625,6.408150000000001
308,Regression,Deep River Linear,ChickWeights,12.035175824997486,16.929484865816825,0.6366763594625738,0.017734527587890625,6.811974000000001
319,Regression,Deep River Linear,ChickWeights,12.966492613935172,18.86403970641727,0.5906400259430888,0.017734527587890625,7.2284380000000015
330,Regression,Deep River Linear,ChickWeights,13.383262501250613,19.505525060949694,0.6254465923540027,0.017734527587890625,7.656090000000002
341,Regression,Deep River Linear,ChickWeights,13.48023441451386,19.54602300494599,0.6632111081660802,0.017734527587890625,8.095378000000002
352,Regression,Deep River Linear,ChickWeights,13.675597998144278,19.71184965295281,0.6886273691298028,0.017734527587890625,8.546382000000001
363,Regression,Deep River Linear,ChickWeights,14.408104662642339,20.759986821730504,0.6646323024988348,0.017734527587890625,9.009429
374,Regression,Deep River Linear,ChickWeights,14.819491753524003,21.681263172142565,0.6637338856553137,0.017734527587890625,9.483829
385,Regression,Deep River Linear,ChickWeights,15.16526894004314,22.281493431463062,0.6857889036977306,0.017734527587890625,9.970445
396,Regression,Deep River Linear,ChickWeights,15.232144716938937,22.233895661182594,0.7082824126020508,0.017734527587890625,10.468071
407,Regression,Deep River Linear,ChickWeights,16.030281352689283,23.554856387998758,0.6956640938848813,0.017734527587890625,10.976598
418,Regression,Deep River Linear,ChickWeights,16.699623732974654,24.814859367189232,0.6829355475735692,0.017734527587890625,11.49598
429,Regression,Deep River Linear,ChickWeights,17.22647379710402,25.779936092065558,0.6959064474138283,0.017734527587890625,12.026188999999999
440,Regression,Deep River Linear,ChickWeights,17.354847825589506,25.80706575433926,0.7168350492393745,0.017734527587890625,12.567749999999998
451,Regression,Deep River Linear,ChickWeights,17.80662848303164,26.37049503371495,0.7169046589787021,0.017734527587890625,13.121757999999998
462,Regression,Deep River Linear,ChickWeights,18.82196395421699,28.288839694066528,0.694002661012557,0.017734527587890625,13.687460999999997
473,Regression,Deep River Linear,ChickWeights,19.627054036986756,29.73534696053722,0.7014650117463681,0.017734527587890625,14.264773999999997
484,Regression,Deep River Linear,ChickWeights,19.90262979312131,29.913503855639654,0.7144330995783386,0.017734527587890625,14.853590999999998
495,Regression,Deep River Linear,ChickWeights,20.319840591062206,30.40998245670053,0.7223783663484329,0.017734527587890625,15.454979999999997
506,Regression,Deep River Linear,ChickWeights,21.135321368282973,31.711033175693927,0.7068892577787086,0.017734527587890625,16.068783999999997
517,Regression,Deep River Linear,ChickWeights,21.80721594695889,32.65053738935537,0.7067639281149913,0.017734527587890625,16.695054999999996
528,Regression,Deep River Linear,ChickWeights,22.574869853021077,33.89545266330308,0.7158683318715882,0.017734527587890625,17.333048999999995
539,Regression,Deep River Linear,ChickWeights,22.714022241795444,33.89632488660616,0.7275871374837302,0.017734527587890625,17.983150999999996
550,Regression,Deep River Linear,ChickWeights,23.63302038360726,35.3838980638203,0.7123008879610753,0.017734527587890625,18.645211999999997
561,Regression,Deep River Linear,ChickWeights,24.301836068139362,36.28333841661968,0.7107179592985455,0.017734527587890625,19.319355999999996
572,Regression,Deep River Linear,ChickWeights,25.11036028890135,37.458695697430265,0.7147966026504602,0.017734527587890625,20.003981999999997
578,Regression,Deep River Linear,ChickWeights,25.225654367705534,37.53117947938671,0.720655663119347,0.017734527587890625,20.694919999999996
20,Regression,Deep River Linear,TrumpApproval,27.199737065548412,29.200789550699206,-1999.0626295433394,0.0186309814453125,0.089981
40,Regression,Deep River Linear,TrumpApproval,18.227250255216838,22.08168492263068,-195.03326436395284,0.0186309814453125,0.203922
60,Regression,Deep River Linear,TrumpApproval,15.939730319996045,19.417080235688115,-203.3516327976834,0.0186309814453125,0.34156699999999995
80,Regression,Deep River Linear,TrumpApproval,13.553202853354579,17.22864105804475,-160.3823171184558,0.0186309814453125,0.5023629999999999
100,Regression,Deep River Linear,TrumpApproval,11.41229240523005,15.490743600640986,-80.85934685706613,0.0186309814453125,0.6838969999999999
120,Regression,Deep River Linear,TrumpApproval,9.918239058069313,14.2056314921762,-57.40027452262775,0.0186309814453125,0.8856589999999999
140,Regression,Deep River Linear,TrumpApproval,8.787172696842264,13.184326438646664,-50.983902423905825,0.0186309814453125,1.107905
160,Regression,Deep River Linear,TrumpApproval,7.963262729686321,12.365915744728449,-39.32856686836916,0.0186309814453125,1.355659
180,Regression,Deep River Linear,TrumpApproval,7.275750885297617,11.681087352826232,-30.60451263371039,0.0186309814453125,1.6271749999999998
200,Regression,Deep River Linear,TrumpApproval,6.673616437575963,11.091634311787482,-27.580058456820005,0.0186309814453125,1.9196689999999998
220,Regression,Deep River Linear,TrumpApproval,6.212944608473045,10.58921420952719,-27.099827021904606,0.0186309814453125,2.2322219999999997
240,Regression,Deep River Linear,TrumpApproval,5.823761853151683,10.150870039606628,-25.01586009149375,0.0186309814453125,2.5651859999999997
260,Regression,Deep River Linear,TrumpApproval,5.458866552191847,9.758959584059863,-23.369789007955013,0.018764495849609375,2.9197659999999996
280,Regression,Deep River Linear,TrumpApproval,5.164924061124293,9.413521674528209,-22.740540316181487,0.018764495849609375,3.2948119999999994
300,Regression,Deep River Linear,TrumpApproval,4.94903780746845,9.112573457580933,-20.878539664661062,0.018764495849609375,3.6943159999999993
320,Regression,Deep River Linear,TrumpApproval,4.7738778665292605,8.842077755853829,-20.618888015942833,0.018764495849609375,4.115989999999999
340,Regression,Deep River Linear,TrumpApproval,4.565949796452945,8.586509199708619,-20.5443013789768,0.018764495849609375,4.557284999999999
360,Regression,Deep River Linear,TrumpApproval,4.39210459023182,8.354819632081066,-19.564828105048562,0.018764495849609375,5.020300999999999
380,Regression,Deep River Linear,TrumpApproval,4.193778311030164,8.133713886702896,-19.16500260462663,0.018764495849609375,5.503673999999999
400,Regression,Deep River Linear,TrumpApproval,4.02448628552077,7.930322787403259,-18.710887146637717,0.018764495849609375,6.008851999999999
420,Regression,Deep River Linear,TrumpApproval,3.852232255724068,7.740010753953567,-18.397581985523942,0.018764495849609375,6.5348299999999995
440,Regression,Deep River Linear,TrumpApproval,3.6916721580961633,7.562596182989925,-17.183436356289754,0.018764495849609375,7.081299
460,Regression,Deep River Linear,TrumpApproval,3.547226625343511,7.3968738459969074,-15.495884178381868,0.018764495849609375,7.650322999999999
480,Regression,Deep River Linear,TrumpApproval,3.411145487270217,7.24151035556528,-14.446474596535195,0.018764495849609375,8.240561999999999
500,Regression,Deep River Linear,TrumpApproval,3.279429744683705,7.095258354540102,-13.517747621822428,0.018764495849609375,8.852868999999998
520,Regression,Deep River Linear,TrumpApproval,3.1752671569412123,6.958804215840945,-12.989093967293833,0.018764495849609375,9.486016999999999
540,Regression,Deep River Linear,TrumpApproval,3.0665443775870886,6.828936844949802,-12.422459688958066,0.018764495849609375,10.139982999999999
560,Regression,Deep River Linear,TrumpApproval,2.984161572403925,6.708209994965087,-12.26068719101628,0.018764495849609375,10.814400999999998
580,Regression,Deep River Linear,TrumpApproval,2.8944766304141245,6.592121873530494,-12.122413163126176,0.018764495849609375,11.508468999999998
600,Regression,Deep River Linear,TrumpApproval,2.821276057829682,6.483004643053948,-11.551190944610553,0.018764495849609375,12.222200999999998
620,Regression,Deep River Linear,TrumpApproval,2.7515152380399557,6.378859736870535,-10.96596041890947,0.018764495849609375,12.956248999999998
640,Regression,Deep River Linear,TrumpApproval,2.67447415616502,6.278748546145159,-10.37661349468678,0.018764495849609375,13.709875999999998
660,Regression,Deep River Linear,TrumpApproval,2.6032098782060946,6.183238270602096,-9.953798311409699,0.018764495849609375,14.483467999999998
680,Regression,Deep River Linear,TrumpApproval,2.53211451366729,6.091743117072353,-9.800038205960885,0.018764495849609375,15.277728999999999
700,Regression,Deep River Linear,TrumpApproval,2.4802866050632075,6.0056183658820945,-9.772512196300235,0.018764495849609375,16.091932
720,Regression,Deep River Linear,TrumpApproval,2.417718399937008,5.921786379968389,-9.703976103634705,0.018764495849609375,16.927059
740,Regression,Deep River Linear,TrumpApproval,2.3582567294137426,5.841387752581186,-9.409033480124437,0.018764495849609375,17.783158
760,Regression,Deep River Linear,TrumpApproval,2.308167247719929,5.764708124623027,-9.247376902649073,0.018764495849609375,18.65989
780,Regression,Deep River Linear,TrumpApproval,2.2577804149020393,5.690757717430134,-9.030889769251258,0.018764495849609375,19.557399
800,Regression,Deep River Linear,TrumpApproval,2.2152574320105667,5.620040985644496,-8.871617170170419,0.018764495849609375,20.475987
820,Regression,Deep River Linear,TrumpApproval,2.173532434911879,5.551869376615861,-8.739378290987425,0.018764495849609375,21.41464
840,Regression,Deep River Linear,TrumpApproval,2.1329912654875915,5.48600362658638,-8.597948623745447,0.018764495849609375,22.374325
860,Regression,Deep River Linear,TrumpApproval,2.0892168766244508,5.42204328940865,-8.359300641365595,0.018764495849609375,23.353885
880,Regression,Deep River Linear,TrumpApproval,2.0465371548939726,5.360198702018471,-8.101560910412458,0.018764495849609375,24.354184999999998
900,Regression,Deep River Linear,TrumpApproval,2.0060766254332747,5.300438293516765,-7.93725269945724,0.018764495849609375,25.374440999999997
920,Regression,Deep River Linear,TrumpApproval,1.9692697220995627,5.2428382158134745,-7.887736287836388,0.018764495849609375,26.414831999999997
940,Regression,Deep River Linear,TrumpApproval,1.9345759794304318,5.187110505274301,-7.773603311731192,0.018764495849609375,27.475384999999996
960,Regression,Deep River Linear,TrumpApproval,1.9011786434916755,5.13315212828679,-7.681854764251547,0.018764495849609375,28.554800999999994
980,Regression,Deep River Linear,TrumpApproval,1.868061801142037,5.080717556159933,-7.670580407026469,0.018764495849609375,29.655359999999995
1000,Regression,Deep River Linear,TrumpApproval,1.8389787865205633,5.030089808241544,-7.641702535928509,0.018764495849609375,30.777043999999993
1001,Regression,Deep River Linear,TrumpApproval,1.8373069107287312,5.027579367065071,-7.63884269745143,0.018764495849609375,31.900417999999995
11,Regression,Deep River MLP,ChickWeights,36.66282346573744,36.84601690843554,-1746.5862170640694,0.03744316101074219,0.082556
22,Regression,Deep River MLP,ChickWeights,28.630041927099242,29.999329579112203,-952.130265196849,0.03744316101074219,0.189963
33,Regression,Deep River MLP,ChickWeights,22.435860447811365,25.227371389901077,-441.00361672749796,0.03744316101074219,0.318388
44,Regression,Deep River MLP,ChickWeights,18.230156867341563,22.03105551168088,-381.13554285163497,0.03744316101074219,0.468951
55,Regression,Deep River MLP,ChickWeights,15.459814012050632,19.879591488045694,-76.14729137442085,0.03744316101074219,0.640275
66,Regression,Deep River MLP,ChickWeights,13.878399394678347,18.345667867237037,-27.321660088478716,0.03744316101074219,0.832612
77,Regression,Deep River MLP,ChickWeights,12.620311966964177,17.130263446408822,-15.550368077056046,0.03744316101074219,1.048392
88,Regression,Deep River MLP,ChickWeights,11.311507036062805,16.056797879490986,-12.183948329413456,0.03744316101074219,1.288518
99,Regression,Deep River MLP,ChickWeights,10.3774858201393,15.185281014751146,-8.86227804079996,0.03744316101074219,1.552056
110,Regression,Deep River MLP,ChickWeights,9.903826926513156,14.535133875006993,-5.309901891831252,0.03744316101074219,1.8369430000000002
121,Regression,Deep River MLP,ChickWeights,9.445274341697539,13.97731740143518,-3.4937940438989363,0.03744316101074219,2.143279
132,Regression,Deep River MLP,ChickWeights,8.972462846022665,13.441895310747995,-2.39677244738705,0.03744316101074219,2.470673
143,Regression,Deep River MLP,ChickWeights,8.644650963219732,12.994752150628086,-1.5712770845162454,0.03744316101074219,2.819668
154,Regression,Deep River MLP,ChickWeights,8.291061590631289,12.58101228650497,-1.0482954933904698,0.03744316101074219,3.189302
165,Regression,Deep River MLP,ChickWeights,8.285758015964973,12.423283633661836,-0.6055347449698649,0.03744316101074219,3.5827780000000002
176,Regression,Deep River MLP,ChickWeights,8.270655819299549,12.253637216952994,-0.25943350158407186,0.03744316101074219,3.9980360000000004
187,Regression,Deep River MLP,ChickWeights,8.185146406053859,12.054312879238166,0.0020928301029321528,0.03744316101074219,4.434842000000001
198,Regression,Deep River MLP,ChickWeights,8.162926657332315,11.924851532008036,0.2231725554355274,0.03744316101074219,4.893749000000001
209,Regression,Deep River MLP,ChickWeights,8.184141179876464,11.936905737194328,0.35831177937611913,0.03744316101074219,5.374200000000001
220,Regression,Deep River MLP,ChickWeights,8.600548356500541,12.45436019895965,0.38843974853183827,0.03744316101074219,5.875907000000001
231,Regression,Deep River MLP,ChickWeights,8.715777354064961,12.507085354587074,0.47245509140143827,0.03744316101074219,6.398994000000001
242,Regression,Deep River MLP,ChickWeights,8.940992727998863,12.807837589356298,0.5548505919405369,0.03744316101074219,6.942677000000001
253,Regression,Deep River MLP,ChickWeights,8.93617074597966,12.728472106407038,0.6181584294376937,0.03744316101074219,7.5078450000000005
264,Regression,Deep River MLP,ChickWeights,9.480966114862404,13.565894032790867,0.6037094352225757,0.03749656677246094,8.094437000000001
275,Regression,Deep River MLP,ChickWeights,9.915584670196887,14.388490950721874,0.6077142090768424,0.03749656677246094,8.704067
286,Regression,Deep River MLP,ChickWeights,10.17607040192698,14.819647343901115,0.6395662513203378,0.03749656677246094,9.335749
297,Regression,Deep River MLP,ChickWeights,10.308865976052658,14.947112069971915,0.6819987490292143,0.03749656677246094,9.988983
308,Regression,Deep River MLP,ChickWeights,10.653837261455402,15.412927451487416,0.6988544579224589,0.03749656677246094,10.663013
319,Regression,Deep River MLP,ChickWeights,11.720887457875998,17.749786980348976,0.6375715653079921,0.03749656677246094,11.356449999999999
330,Regression,Deep River MLP,ChickWeights,12.204994602094999,18.51049060809374,0.6626860354934363,0.03749656677246094,12.071992999999999
341,Regression,Deep River MLP,ChickWeights,12.380086396971056,18.676561596589433,0.6925073093012574,0.03749656677246094,12.808167
352,Regression,Deep River MLP,ChickWeights,12.500018885359168,18.6986395456271,0.7198144719410567,0.03749656677246094,13.564587999999999
363,Regression,Deep River MLP,ChickWeights,13.396059216382417,20.072035789622888,0.686491061503867,0.03749656677246094,14.342158
374,Regression,Deep River MLP,ChickWeights,13.861859557622255,21.08437496033388,0.6819939331221601,0.03749656677246094,15.140328
385,Regression,Deep River MLP,ChickWeights,14.347934382457238,21.896878866435515,0.6965428623573162,0.03749656677246094,15.960047
396,Regression,Deep River MLP,ChickWeights,14.333737947874601,21.77137527971983,0.720293077800616,0.03749656677246094,16.802601
407,Regression,Deep River MLP,ChickWeights,15.121803102241394,23.033673367254455,0.7089827846843818,0.03749656677246094,17.667149
418,Regression,Deep River MLP,ChickWeights,15.878397878990219,24.44812807037245,0.6922378967366345,0.03749656677246094,18.552602999999998
429,Regression,Deep River MLP,ChickWeights,16.463528672159413,25.543745801329763,0.7014530031919071,0.03749656677246094,19.457698999999998
440,Regression,Deep River MLP,ChickWeights,16.61649439240044,25.600164962219633,0.7213572371295236,0.03749656677246094,20.383086
451,Regression,Deep River MLP,ChickWeights,17.02106703054615,26.125652986258725,0.7221371633179583,0.03749656677246094,21.329102
462,Regression,Deep River MLP,ChickWeights,18.089714204207134,28.17122025187973,0.6965419248680631,0.03749656677246094,22.295588
473,Regression,Deep River MLP,ChickWeights,18.96299384474502,29.77110362949912,0.700746605140208,0.03749656677246094,23.282000999999998
484,Regression,Deep River MLP,ChickWeights,19.195842038624544,29.884430858937336,0.7149879159642749,0.03749656677246094,24.288493
495,Regression,Deep River MLP,ChickWeights,19.550587160057496,30.34051121034448,0.7236453641699121,0.03749656677246094,25.31634
506,Regression,Deep River MLP,ChickWeights,20.481355257302873,31.923972157559508,0.7029395750645183,0.03749656677246094,26.365605
517,Regression,Deep River MLP,ChickWeights,21.20182545468701,32.93642284168251,0.7016063444087199,0.03749656677246094,27.433806999999998
528,Regression,Deep River MLP,ChickWeights,21.98195167484157,34.28028095237938,0.7093799922443325,0.03749656677246094,28.521839999999997
539,Regression,Deep River MLP,ChickWeights,22.169104430250872,34.429561219778975,0.7189488552658791,0.03749656677246094,29.631113999999997
550,Regression,Deep River MLP,ChickWeights,23.25636842651801,36.17171083654554,0.699347186899471,0.03749656677246094,30.761283999999996
561,Regression,Deep River MLP,ChickWeights,23.9976818243875,37.15117768528171,0.6967141390224034,0.03749656677246094,31.911885999999996
572,Regression,Deep River MLP,ChickWeights,24.807058818794633,38.37892911677414,0.7006115119899474,0.03749656677246094,33.083149999999996
578,Regression,Deep River MLP,ChickWeights,24.88229049788627,38.43671595160121,0.7070132408662353,0.03749656677246094,34.265884
20,Regression,Deep River MLP,TrumpApproval,31.506332356745723,32.76369874630514,-2516.9103016192444,0.03839302062988281,0.097076
40,Regression,Deep River MLP,TrumpApproval,19.800761790891173,24.006118990950203,-230.69105292714386,0.03839302062988281,0.234674
60,Regression,Deep River MLP,TrumpApproval,14.14987320713139,19.67523393211248,-208.82154039634167,0.03839302062988281,0.410629
80,Regression,Deep River MLP,TrumpApproval,10.877369785551789,17.050249284063845,-157.057594026906,0.03839302062988281,0.624031
100,Regression,Deep River MLP,TrumpApproval,8.917085642589385,15.258746022864536,-78.42576977835388,0.03839302062988281,0.88302
120,Regression,Deep River MLP,TrumpApproval,7.534874577218855,13.932351610006673,-55.17494450637335,0.03839302062988281,1.180178
140,Regression,Deep River MLP,TrumpApproval,6.496112950072563,12.899483337789365,-48.76197579829048,0.03839302062988281,1.514527
160,Regression,Deep River MLP,TrumpApproval,5.785022857154251,12.071063135613825,-37.428308247539874,0.03839302062988281,1.890531
180,Regression,Deep River MLP,TrumpApproval,5.201996632506797,11.382792151202688,-29.010979191733433,0.03839302062988281,2.305602
200,Regression,Deep River MLP,TrumpApproval,4.739567598565199,10.800914213186823,-26.101483296569153,0.03839302062988281,2.757221
220,Regression,Deep River MLP,TrumpApproval,4.360757229114446,10.300639997362234,-25.589158754626194,0.03839302062988281,3.248741
240,Regression,Deep River MLP,TrumpApproval,4.0416820390315875,9.863592000705628,-23.564156330414807,0.03839302062988281,3.778494
260,Regression,Deep River MLP,TrumpApproval,3.7511808318712556,9.47710160966354,-21.98242249787825,0.03852653503417969,4.348983
280,Regression,Deep River MLP,TrumpApproval,3.502961413887775,9.132714518897835,-21.34529587159913,0.03852653503417969,4.961741999999999
300,Regression,Deep River MLP,TrumpApproval,3.30640208883025,8.824682300737198,-19.51797066456417,0.03852653503417969,5.613292999999999
320,Regression,Deep River MLP,TrumpApproval,3.1445679325367824,8.546848825022582,-19.199319430279687,0.03852653503417969,6.3029259999999985
340,Regression,Deep River MLP,TrumpApproval,2.999860030204943,8.294323775331522,-19.103010770252645,0.03852653503417969,7.030423999999998
360,Regression,Deep River MLP,TrumpApproval,2.8953055299510435,8.065542445920613,-18.16540886587926,0.03852653503417969,7.796548999999998
380,Regression,Deep River MLP,TrumpApproval,2.7610333337239235,7.851080144870892,-17.78794676161948,0.03852653503417969,8.600273999999999
400,Regression,Deep River MLP,TrumpApproval,2.6328978423825755,7.6524785900280134,-17.353913828740126,0.03852653503417969,9.442656
420,Regression,Deep River MLP,TrumpApproval,2.5195469874991927,7.468300040124864,-17.059594009923693,0.03852653503417969,10.323744999999999
440,Regression,Deep River MLP,TrumpApproval,2.4385769046351267,7.298881495307781,-15.93740075598824,0.03852653503417969,11.240205
460,Regression,Deep River MLP,TrumpApproval,2.3600205982398568,7.139847745371128,-14.369405760905016,0.03852653503417969,12.194092999999999
480,Regression,Deep River MLP,TrumpApproval,2.275545254928389,6.9899407921165935,-13.391897476194496,0.03852653503417969,13.183998999999998
500,Regression,Deep River MLP,TrumpApproval,2.1921212706394564,6.848855149516609,-12.526915502215695,0.03852653503417969,14.210919999999998
520,Regression,Deep River MLP,TrumpApproval,2.1192363806526107,6.71622201913576,-12.03078082458395,0.03852653503417969,15.274604999999998
540,Regression,Deep River MLP,TrumpApproval,2.049859121371622,6.590876784476714,-11.502944431594807,0.03852653503417969,16.375014999999998
560,Regression,Deep River MLP,TrumpApproval,2.0048452458690575,6.474519728007596,-11.352869368713062,0.03852653503417969,17.513391999999996
580,Regression,Deep River MLP,TrumpApproval,1.9557869797003842,6.363033867954022,-11.22620634971503,0.03852653503417969,18.691245999999996
600,Regression,Deep River MLP,TrumpApproval,1.9140372417763705,6.257680632440237,-10.693891520632105,0.03852653503417969,19.906681999999996
620,Regression,Deep River MLP,TrumpApproval,1.8631033984038743,6.156572808889914,-10.146525050929492,0.03852653503417969,21.158627999999997
640,Regression,Deep River MLP,TrumpApproval,1.815587332551806,6.0600262808121625,-9.597802889759745,0.03852653503417969,22.449420999999997
660,Regression,Deep River MLP,TrumpApproval,1.7655185900267096,5.967597398526502,-9.203092111889834,0.03852653503417969,23.777124999999998
680,Regression,Deep River MLP,TrumpApproval,1.7292051914222641,5.879979852618793,-9.062219925806598,0.03852653503417969,25.142093999999997
700,Regression,Deep River MLP,TrumpApproval,1.7097143038415887,5.798283243577942,-9.04154146032593,0.03852653503417969,26.546590999999996
720,Regression,Deep River MLP,TrumpApproval,1.6810339026267507,5.718877836920815,-8.983005177536864,0.03852653503417969,27.989947999999995
740,Regression,Deep River MLP,TrumpApproval,1.6581673424351386,5.643522906443172,-8.715807873028837,0.03852653503417969,29.471820999999995
760,Regression,Deep River MLP,TrumpApproval,1.619615448065379,5.5689147624455755,-8.563111179234868,0.03852653503417969,30.992143999999996
780,Regression,Deep River MLP,TrumpApproval,1.5834830378839273,5.4972000829424434,-8.360140217175786,0.03852653503417969,32.550008
800,Regression,Deep River MLP,TrumpApproval,1.5579412542525024,5.428908962341098,-8.211586977450589,0.03852653503417969,34.144397
820,Regression,Deep River MLP,TrumpApproval,1.5304383433077482,5.362857145274976,-8.087516503359995,0.03852653503417969,35.77644
840,Regression,Deep River MLP,TrumpApproval,1.502278373738491,5.299075096669095,-7.955016463605345,0.03852653503417969,37.443678
860,Regression,Deep River MLP,TrumpApproval,1.4739041593754547,5.237362841614217,-7.732583800452586,0.03852653503417969,39.147723
880,Regression,Deep River MLP,TrumpApproval,1.4450826610980232,5.177641308429835,-7.492157151585467,0.03852653503417969,40.890271
900,Regression,Deep River MLP,TrumpApproval,1.4179600502874354,5.1199508731188415,-7.338963244327465,0.03852653503417969,42.670347
920,Regression,Deep River MLP,TrumpApproval,1.3975057888885762,5.064564247833344,-7.293587231003478,0.03852653503417969,44.489498
940,Regression,Deep River MLP,TrumpApproval,1.3762004449877412,5.0110152922333,-7.188011616382623,0.03852653503417969,46.346517
960,Regression,Deep River MLP,TrumpApproval,1.3557892995261134,4.95901162983464,-7.102788428568676,0.03852653503417969,48.240023
980,Regression,Deep River MLP,TrumpApproval,1.3387362160005785,4.90890545298597,-7.094078274616175,0.03852653503417969,50.168884
1000,Regression,Deep River MLP,TrumpApproval,1.3162112441988778,4.85974431150855,-7.066305660654219,0.03852653503417969,52.135446
1001,Regression,Deep River MLP,TrumpApproval,1.3152224178657288,4.857327215657173,-7.063663893176967,0.03852653503417969,54.104948
11,Regression,Deep River LSTM,ChickWeights,41.56808318146928,41.577182332148276,-2224.1926911953697,0.03462505340576172,0.239998
22,Regression,Deep River LSTM,ChickWeights,41.10278805387629,41.11575100576937,-1789.381642651903,0.03467082977294922,0.636802
33,Regression,Deep River LSTM,ChickWeights,40.543936509808354,40.57215022687824,-1142.24121066407,0.03535747528076172,1.171827
44,Regression,Deep River LSTM,ChickWeights,39.963957567656934,39.99939788261591,-1258.6611406105928,0.03485393524169922,1.8539979999999998
55,Regression,Deep River LSTM,ChickWeights,39.67603118897163,39.75201569291349,-307.47791841379455,0.03496837615966797,2.673472
66,Regression,Deep River LSTM,ChickWeights,40.28450148611923,40.37932312035523,-136.20493168214952,0.03505992889404297,3.6316059999999997
77,Regression,Deep River LSTM,ChickWeights,40.51418045465534,40.64042693417954,-92.15283915143486,0.03505992889404297,4.719971999999999
88,Regression,Deep River LSTM,ChickWeights,40.650670278076596,40.76847846228589,-83.99171988054394,0.03505992889404297,5.942950999999999
99,Regression,Deep River LSTM,ChickWeights,40.936422684220496,41.05362612264658,-71.08329348418002,0.03556346893310547,7.292180999999999
110,Regression,Deep River LSTM,ChickWeights,41.52562950221312,41.682569977419064,-50.89117566215169,0.03505992889404297,8.770392
121,Regression,Deep River LSTM,ChickWeights,42.07215817428139,42.27158130947977,-40.101956782360624,0.03505992889404297,10.364087999999999
132,Regression,Deep River LSTM,ChickWeights,42.66389943542184,42.89443294776672,-33.58974008611216,0.03505992889404297,12.067039999999999
143,Regression,Deep River LSTM,ChickWeights,43.33383514764685,43.61413802662296,-27.964595344855496,0.03505992889404297,13.892233999999998
154,Regression,Deep River LSTM,ChickWeights,43.96273035136377,44.28608182664681,-24.380253340505984,0.03505992889404297,15.826240999999998
165,Regression,Deep River LSTM,ChickWeights,44.66859735951503,45.10242561890834,-20.16151249258988,0.03556346893310547,17.863065
176,Regression,Deep River LSTM,ChickWeights,45.53909796964248,46.09554554765542,-16.82227429185789,0.03505992889404297,19.995545999999997
187,Regression,Deep River LSTM,ChickWeights,46.50814019626672,47.19943170012006,-14.299553715066084,0.03505992889404297,22.226011999999997
198,Regression,Deep River LSTM,ChickWeights,47.69100079343962,48.586973232182736,-11.896096949436009,0.03505992889404297,24.563584999999996
209,Regression,Deep River LSTM,ChickWeights,48.80590591202689,49.91977886976756,-10.222402581873611,0.03505992889404297,27.030902999999995
220,Regression,Deep River LSTM,ChickWeights,49.51273931980302,50.831962473660845,-9.187559547510919,0.03505992889404297,29.613658999999995
231,Regression,Deep River LSTM,ChickWeights,50.66203941370146,52.201751232908315,-8.190038990324137,0.03556346893310547,32.304778999999996
242,Regression,Deep River LSTM,ChickWeights,52.16888836750468,54.116726318985776,-6.947256137927399,0.03505992889404297,35.098375
253,Regression,Deep River LSTM,ChickWeights,53.52452705556842,55.73789432928855,-6.322034537351455,0.03505992889404297,37.994875
264,Regression,Deep River LSTM,ChickWeights,54.289649189964884,56.73706545592754,-5.931873534306809,0.03511333465576172,40.991075
275,Regression,Deep River LSTM,ChickWeights,55.396755211224594,58.19190888390285,-5.416486563190948,0.03511333465576172,44.101734
286,Regression,Deep River LSTM,ChickWeights,56.872911539612566,60.06894351373896,-4.921744944740992,0.03511333465576172,47.284646
297,Regression,Deep River LSTM,ChickWeights,58.53918931588704,62.162648616225965,-4.500133969746833,0.03561687469482422,50.529458000000005
308,Regression,Deep River LSTM,ChickWeights,59.98587233029522,64.0034458857829,-4.192934962866333,0.03511333465576172,53.83746000000001
319,Regression,Deep River LSTM,ChickWeights,60.65558435894594,65.18116480019253,-3.887426135854927,0.03511333465576172,57.20390400000001
330,Regression,Deep River LSTM,ChickWeights,62.58963660587074,67.78690187129769,-3.523660800417173,0.03511333465576172,60.624618000000005
341,Regression,Deep River LSTM,ChickWeights,64.34610474746005,70.01405810106148,-3.3212704617668294,0.03511333465576172,64.099626
352,Regression,Deep River LSTM,ChickWeights,66.08098913837665,72.16045047398246,-3.1727671571425207,0.03511333465576172,67.635208
363,Regression,Deep River LSTM,ChickWeights,66.64753119912784,72.89216243091187,-3.1345547833254113,0.03511333465576172,71.22988500000001
374,Regression,Deep River LSTM,ChickWeights,68.04441871719659,74.7413611415667,-2.996096330001458,0.03511333465576172,74.885951
385,Regression,Deep River LSTM,ChickWeights,70.06027192425506,77.4727317587912,-2.7986621110839516,0.03511333465576172,78.60065700000001
396,Regression,Deep River LSTM,ChickWeights,71.76984778293541,79.509855404179,-2.730554713677877,0.03511333465576172,82.37892000000001
407,Regression,Deep River LSTM,ChickWeights,73.12928494048144,81.35755583934841,-2.63068071756553,0.03511333465576172,86.22493600000001
418,Regression,Deep River LSTM,ChickWeights,74.31684108875666,82.99941316039899,-2.5471043176602484,0.03561687469482422,90.13202500000001
429,Regression,Deep River LSTM,ChickWeights,76.48560072692202,86.05998880366771,-2.3888013385120574,0.03511333465576172,94.10054300000002
440,Regression,Deep River LSTM,ChickWeights,78.4051954830784,88.45221813075251,-2.326440016917808,0.03511333465576172,98.12735300000001
451,Regression,Deep River LSTM,ChickWeights,79.77689997193099,90.08242753901409,-2.3035152733295714,0.03511333465576172,102.20547800000001
462,Regression,Deep River LSTM,ChickWeights,80.95147078770133,91.85451262728999,-2.2261783681477407,0.03511333465576172,106.33712400000002
473,Regression,Deep River LSTM,ChickWeights,83.40139964448541,95.49927666647689,-2.0792814185686246,0.03511333465576172,110.51849400000002
484,Regression,Deep River LSTM,ChickWeights,85.25670959121992,97.76106635838234,-2.0500373353346744,0.03561687469482422,114.74137500000002
495,Regression,Deep River LSTM,ChickWeights,87.13690625951814,100.14953060879245,-2.011055791278119,0.03511333465576172,119.00829600000002
506,Regression,Deep River LSTM,ChickWeights,88.05618823262608,101.35495482793445,-1.9943386775011889,0.03511333465576172,123.31301900000001
517,Regression,Deep River LSTM,ChickWeights,89.76440791585757,103.61330515697509,-1.9530294683436344,0.03511333465576172,127.66187000000001
528,Regression,Deep River LSTM,ChickWeights,92.36190674142469,107.42378603495568,-1.8538929186721522,0.03511333465576172,132.048787
539,Regression,Deep River LSTM,ChickWeights,94.15050116965477,109.53837458030581,-1.8448211431862238,0.03511333465576172,136.474691
550,Regression,Deep River LSTM,ChickWeights,95.15512086677616,110.91155321897762,-1.8267066820424134,0.03561687469482422,140.939784
561,Regression,Deep River LSTM,ChickWeights,96.74979770187876,112.96883922734173,-1.8042990582945908,0.03511333465576172,145.443936
572,Regression,Deep River LSTM,ChickWeights,99.05610362949967,116.23606726388397,-1.7461939572490461,0.03511333465576172,149.98848
578,Regression,Deep River LSTM,ChickWeights,100.13295147559283,117.53894700357824,-1.7398011059222767,0.03511333465576172,154.555487
20,Regression,Deep River LSTM,TrumpApproval,43.641823283939026,43.64800249399972,-4467.720101787843,0.036932945251464844,0.362256
40,Regression,Deep River LSTM,TrumpApproval,41.74447946435864,41.803362634109554,-701.567068868024,0.037505149841308594,1.003381
60,Regression,Deep River LSTM,TrumpApproval,40.335540159692975,40.42666575299733,-884.8212802324678,0.037001609802246094,1.8930470000000001
80,Regression,Deep River LSTM,TrumpApproval,38.960541131253876,39.11199865726672,-830.7138229713968,0.037001609802246094,3.0231640000000004
100,Regression,Deep River LSTM,TrumpApproval,37.31781746123938,37.58938489012534,-481.0079283900009,0.037505149841308594,4.382408
120,Regression,Deep River LSTM,TrumpApproval,35.9183555848412,36.28894590040425,-380.1031217072499,0.037001609802246094,5.969332
140,Regression,Deep River LSTM,TrumpApproval,34.77059443867257,35.21229629370355,-369.80166797497526,0.037001609802246094,7.763776
160,Regression,Deep River LSTM,TrumpApproval,33.57627099952491,34.125591007180354,-306.12883032659005,0.037001609802246094,9.753675
180,Regression,Deep River LSTM,TrumpApproval,32.41057094671957,33.08195350308615,-252.49234445921815,0.037001609802246094,11.918787
200,Regression,Deep River LSTM,TrumpApproval,31.407892313050723,32.17283055023586,-239.46427889966444,0.037001609802246094,14.280543999999999
220,Regression,Deep River LSTM,TrumpApproval,30.548691836230084,31.382533066773355,-245.80398582211922,0.037001609802246094,16.861082
240,Regression,Deep River LSTM,TrumpApproval,29.620279984907693,30.56486831225078,-234.8721746862624,0.037001609802246094,19.632395
260,Regression,Deep River LSTM,TrumpApproval,28.72524966803791,29.786479349238554,-226.029910954668,0.03713512420654297,22.587277
280,Regression,Deep River LSTM,TrumpApproval,27.89560703641938,29.06526834060631,-225.32629753269904,0.03713512420654297,25.727119000000002
300,Regression,Deep River LSTM,TrumpApproval,27.015208200354945,28.33503820651966,-210.53578733429728,0.03713512420654297,28.983372000000003
320,Regression,Deep River LSTM,TrumpApproval,26.241310233637737,27.678171504577655,-210.8358621399466,0.03713512420654297,32.344943
340,Regression,Deep River LSTM,TrumpApproval,25.532955549187978,27.072170001323034,-213.16341020216555,0.03713512420654297,35.813292000000004
360,Regression,Deep River LSTM,TrumpApproval,24.914412904753725,26.52768158564845,-206.32397104076628,0.03763866424560547,39.386790000000005
380,Regression,Deep River LSTM,TrumpApproval,24.26121276347345,25.979104703953062,-204.71637363430727,0.03713512420654297,43.06349600000001
400,Regression,Deep River LSTM,TrumpApproval,23.61806763392557,25.449455240303603,-201.99316868003035,0.03713512420654297,46.85305000000001
420,Regression,Deep River LSTM,TrumpApproval,22.96559645586208,24.93039401621894,-200.24391282421624,0.03763866424560547,50.75607300000001
440,Regression,Deep River LSTM,TrumpApproval,22.360182210634356,24.443994783262468,-188.96714824610106,0.03713512420654297,54.76722000000001
460,Regression,Deep River LSTM,TrumpApproval,21.7833329180105,23.982100708535473,-172.40180733461028,0.03713512420654297,58.875741000000005
480,Regression,Deep River LSTM,TrumpApproval,21.187179577389358,23.526731637985915,-162.0400349164108,0.03713512420654297,63.073024000000004
500,Regression,Deep River LSTM,TrumpApproval,20.590650658085288,23.08568751053297,-152.69100138567256,0.03713512420654297,67.34565
520,Regression,Deep River LSTM,TrumpApproval,19.973863973768346,22.655357152988522,-147.27303517027167,0.03713512420654297,71.69423
540,Regression,Deep River LSTM,TrumpApproval,19.36159894660947,22.2417699496125,-141.38511968021803,0.03713512420654297,76.11633400000001
560,Regression,Deep River LSTM,TrumpApproval,18.710364209731484,21.84284451695694,-139.59540285492523,0.03713512420654297,80.610201
580,Regression,Deep River LSTM,TrumpApproval,18.084695840238876,21.46331831500158,-138.10956248657774,0.03713512420654297,85.178444
600,Regression,Deep River LSTM,TrumpApproval,17.513036201098103,21.10335932811773,-131.99504443531046,0.03713512420654297,89.817521
620,Regression,Deep River LSTM,TrumpApproval,16.96372545863143,20.760453307349078,-125.74625060431043,0.03713512420654297,94.522718
640,Regression,Deep River LSTM,TrumpApproval,16.445630889064294,20.433645259876414,-119.49208557099449,0.03713512420654297,99.293935
660,Regression,Deep River LSTM,TrumpApproval,15.95394764251476,20.12172358258397,-115.00137387535474,0.03713512420654297,104.12496200000001
680,Regression,Deep River LSTM,TrumpApproval,15.498803025018564,19.82380139035165,-113.3710228755961,0.03763866424560547,109.01546300000001
700,Regression,Deep River LSTM,TrumpApproval,15.07822054497723,19.539054792428626,-113.02724566003143,0.03713512420654297,113.96077900000002
720,Regression,Deep River LSTM,TrumpApproval,14.685138629124527,19.26674951858451,-112.30695274599695,0.03713512420654297,118.96670000000002
740,Regression,Deep River LSTM,TrumpApproval,14.33827180928781,19.00730392035491,-109.20958623330539,0.03763866424560547,124.03158300000001
760,Regression,Deep River LSTM,TrumpApproval,13.968794434810835,18.755649332282857,-107.47315502597917,0.03713512420654297,129.15321
780,Regression,Deep River LSTM,TrumpApproval,13.614714239088395,18.513661224825217,-105.16561766386569,0.03713512420654297,134.331656
800,Regression,Deep River LSTM,TrumpApproval,13.292068051351546,18.28121883209919,-103.45269115683867,0.03713512420654297,139.562511
820,Regression,Deep River LSTM,TrumpApproval,12.983559357760914,18.05722516909606,-102.02788460648101,0.03713512420654297,144.84930500000002
840,Regression,Deep River LSTM,TrumpApproval,12.686480846477322,17.84121675703216,-100.51148460006375,0.03713512420654297,150.189681
860,Regression,Deep River LSTM,TrumpApproval,12.400404134022907,17.63270805692859,-97.9818281318283,0.03713512420654297,155.593714
880,Regression,Deep River LSTM,TrumpApproval,12.121899543623137,17.431204723278437,-95.25181075062515,0.03713512420654297,161.05497400000002
900,Regression,Deep River LSTM,TrumpApproval,11.857728463648469,17.236480494321004,-93.5099767551401,0.03713512420654297,166.577257
920,Regression,Deep River LSTM,TrumpApproval,11.605904667151071,17.04816695434649,-92.97527965794208,0.03713512420654297,172.161826
940,Regression,Deep River LSTM,TrumpApproval,11.37225846682511,16.866173252484206,-91.75986507989764,0.03713512420654297,177.814485
960,Regression,Deep River LSTM,TrumpApproval,11.144846512438132,16.689744756130356,-90.77906634318018,0.03713512420654297,183.537478
980,Regression,Deep River LSTM,TrumpApproval,10.929284332181403,16.518839394424294,-90.65520357683009,0.03713512420654297,189.332549
1000,Regression,Deep River LSTM,TrumpApproval,10.716591404146174,16.35289271264196,-90.33495301060394,0.03763866424560547,195.19143
1001,Regression,Deep River LSTM,TrumpApproval,10.70619437867936,16.344725314638467,-90.30466099044476,0.03763866424560547,201.05561699999998
11,Regression,Deep River RNN,ChickWeights,41.56847721304406,41.57743870183374,-2224.2201328678034,0.03246307373046875,0.102563
22,Regression,Deep River RNN,ChickWeights,40.78064364042472,40.799849198653135,-1761.9755015367498,0.03250885009765625,0.256058
33,Regression,Deep River RNN,ChickWeights,39.8317905582036,39.87994788190728,-1103.5642568216251,0.03319549560546875,0.45818400000000004
44,Regression,Deep River RNN,ChickWeights,39.14229781714013,39.1987513133932,-1208.7379074292908,0.03269195556640625,0.705368
55,Regression,Deep River RNN,ChickWeights,38.8688062206588,38.96371406384338,-295.36469516572424,0.032806396484375,0.999851
66,Regression,Deep River RNN,ChickWeights,39.83747523972256,40.01917916461774,-133.76837936054403,0.03289794921875,1.342052
77,Regression,Deep River RNN,ChickWeights,40.093277693907545,40.29509333190593,-90.57647128107311,0.03289794921875,1.72821
88,Regression,Deep River RNN,ChickWeights,40.277862162371584,40.46282934092141,-82.72209855626667,0.03289794921875,2.160548
99,Regression,Deep River RNN,ChickWeights,40.616171079113926,40.7957467474058,-70.18055170711159,0.0334014892578125,2.637047
110,Regression,Deep River RNN,ChickWeights,41.255381318351084,41.47441648906518,-50.37420372322416,0.03289794921875,3.1620719999999998
121,Regression,Deep River RNN,ChickWeights,41.84691180347288,42.1081778325026,-39.784806513190375,0.03289794921875,3.7338319999999996
132,Regression,Deep River RNN,ChickWeights,42.47890603426619,42.77163788567996,-33.391981573150694,0.03289794921875,4.348046999999999
143,Regression,Deep River RNN,ChickWeights,43.184812094547326,43.5284294505341,-27.850867316624047,0.03289794921875,5.007413999999999
154,Regression,Deep River RNN,ChickWeights,43.84593067751205,44.2332356707343,-24.319717455633132,0.03289794921875,5.710578999999999
165,Regression,Deep River RNN,ChickWeights,44.58056073818694,45.07944528913386,-20.139953800749606,0.0334014892578125,6.459446999999999
176,Regression,Deep River RNN,ChickWeights,45.47687014308757,46.10036272115301,-16.825999487963507,0.03289794921875,7.252825999999999
187,Regression,Deep River RNN,ChickWeights,46.469224758147384,47.22973969068351,-14.319208511298134,0.03289794921875,8.0925
198,Regression,Deep River RNN,ChickWeights,47.6732029064248,48.64127476027927,-11.924938799202751,0.03289794921875,8.974582
209,Regression,Deep River RNN,ChickWeights,48.807281199094064,49.99504467944815,-10.25626891703266,0.03289794921875,9.898564
220,Regression,Deep River RNN,ChickWeights,49.53143307659774,50.92374627058384,-9.224382720633782,0.03289794921875,10.865792
231,Regression,Deep River RNN,ChickWeights,50.696533951779315,52.310441939787616,-8.228348499097182,0.0334014892578125,11.874082000000001
242,Regression,Deep River RNN,ChickWeights,52.21781886447496,54.241603996276844,-6.983976021306241,0.03289794921875,12.928005
253,Regression,Deep River RNN,ChickWeights,53.586673839628794,55.87682109805527,-6.358580385758195,0.03289794921875,14.028196000000001
264,Regression,Deep River RNN,ChickWeights,54.36379860148228,56.88636397864815,-5.968402745601901,0.03295135498046875,15.171558000000001
275,Regression,Deep River RNN,ChickWeights,55.481893419230516,58.35131362291101,-5.451687995336295,0.03295135498046875,16.358175000000003
286,Regression,Deep River RNN,ChickWeights,56.9681345910954,60.23828726000973,-4.955180658920067,0.03295135498046875,17.587674000000003
297,Regression,Deep River RNN,ChickWeights,58.64366520242607,62.34117230129324,-4.531770785814593,0.03345489501953125,18.860210000000002
308,Regression,Deep River RNN,ChickWeights,60.09880668262332,64.1895080623468,-4.223171247316782,0.03295135498046875,20.175753
319,Regression,Deep River RNN,ChickWeights,60.77622020607783,65.3716950437688,-3.9160406439918845,0.03295135498046875,21.536038
330,Regression,Deep River RNN,ChickWeights,62.717346594087545,67.98341978659076,-3.5499274969813976,0.03295135498046875,22.942149
341,Regression,Deep River RNN,ChickWeights,64.48029647709643,70.21590646222182,-3.3462225558732,0.03295135498046875,24.390340000000002
352,Regression,Deep River RNN,ChickWeights,66.22111502381847,72.36699612760808,-3.1966888588455378,0.03295135498046875,25.8808
363,Regression,Deep River RNN,ChickWeights,66.79300892869266,73.10160761446213,-3.158349020353687,0.03295135498046875,27.412653
374,Regression,Deep River RNN,ChickWeights,68.1947856060065,74.95362450885155,-3.0188261630530793,0.03295135498046875,28.986065
385,Regression,Deep River RNN,ChickWeights,70.2150946761784,77.68732443219575,-2.819735177880767,0.03295135498046875,30.60166
396,Regression,Deep River RNN,ChickWeights,71.92871597882436,79.72695643063432,-2.7509550269754004,0.03295135498046875,32.259979
407,Regression,Deep River RNN,ChickWeights,73.29177630876697,81.57587905020844,-2.6501927449062337,0.03295135498046875,33.961053
418,Regression,Deep River RNN,ChickWeights,74.48257915218446,83.21849977997375,-2.5658550224682073,0.03345489501953125,35.706871
429,Regression,Deep River RNN,ChickWeights,76.65426110074202,86.2791112494235,-2.4060801643394862,0.03295135498046875,37.494499
440,Regression,Deep River RNN,ChickWeights,78.57646084122192,88.67190682762336,-2.3429842892583426,0.03295135498046875,39.321754
451,Regression,Deep River RNN,ChickWeights,79.95045909615123,90.30256510086029,-2.319680831776825,0.03295135498046875,41.191352
462,Regression,Deep River RNN,ChickWeights,81.12700573260618,92.07385002082145,-2.2416042060545576,0.03295135498046875,43.10146
473,Regression,Deep River RNN,ChickWeights,83.57866229434315,95.71666228041505,-2.093316150036984,0.03295135498046875,45.052159
484,Regression,Deep River RNN,ChickWeights,85.43545079298227,97.97790017857385,-2.063582291615988,0.03345489501953125,47.043675
495,Regression,Deep River RNN,ChickWeights,87.31688936279728,100.36534427328698,-2.0240469084829273,0.03295135498046875,49.075408
506,Regression,Deep River RNN,ChickWeights,88.23714432196154,101.569793945853,-2.007046154397815,0.03295135498046875,51.147291
517,Regression,Deep River RNN,ChickWeights,89.94613922189207,103.82650063763178,-1.9651943199990924,0.03295135498046875,53.258685
528,Regression,Deep River RNN,ChickWeights,92.54421541427092,107.63386590693395,-1.8650660810050397,0.03295135498046875,55.410262
539,Regression,Deep River RNN,ChickWeights,94.33319610804459,109.74695660425178,-1.8556656259026205,0.03295135498046875,57.604143
550,Regression,Deep River RNN,ChickWeights,95.33798223554413,111.11840532160403,-1.8372602348762315,0.03345489501953125,59.840393
561,Regression,Deep River RNN,ChickWeights,96.93266259895478,113.1735378777211,-1.814471001478176,0.03295135498046875,62.118293
572,Regression,Deep River RNN,ChickWeights,99.2388127822807,116.43745840330271,-1.7557183374096779,0.03295135498046875,64.439109
578,Regression,Deep River RNN,ChickWeights,100.31550874238174,117.73904764532953,-1.749137630324721,0.03295135498046875,66.784891
20,Regression,Deep River RNN,TrumpApproval,43.37128136370551,43.379523723130944,-4412.914999049646,0.034770965576171875,0.144898
40,Regression,Deep River RNN,TrumpApproval,40.901575201136055,40.99594753434601,-674.689564572181,0.035343170166015625,0.377311
60,Regression,Deep River RNN,TrumpApproval,39.55086710104779,39.66240765128811,-851.6453138668452,0.034839630126953125,0.690539
80,Regression,Deep River RNN,TrumpApproval,38.351841836585265,38.50153956504986,-804.9536989455114,0.034839630126953125,1.084673
100,Regression,Deep River RNN,TrumpApproval,36.86773081298007,37.112282385465875,-468.84982771217517,0.035343170166015625,1.563317
120,Regression,Deep River RNN,TrumpApproval,35.596479506167874,35.92048803016213,-372.4033902675122,0.034839630126953125,2.119376
140,Regression,Deep River RNN,TrumpApproval,34.551497929770996,34.93261141007026,-363.9346404410356,0.034839630126953125,2.7539499999999997
160,Regression,Deep River RNN,TrumpApproval,33.4414615607687,33.915800669054484,-302.3642298440922,0.034839630126953125,3.4670249999999996
180,Regression,Deep River RNN,TrumpApproval,32.34626187566342,32.92897271134711,-250.1533171901993,0.034839630126953125,4.258236999999999
200,Regression,Deep River RNN,TrumpApproval,31.40343947544754,32.06903770555641,-237.9152568315032,0.034839630126953125,5.1262739999999996
220,Regression,Deep River RNN,TrumpApproval,30.595699393802022,31.322062452737626,-244.8537750964443,0.034839630126953125,6.0728279999999994
240,Regression,Deep River RNN,TrumpApproval,29.712080703499225,30.539385297487257,-234.47902864896528,0.034839630126953125,7.100134
260,Regression,Deep River RNN,TrumpApproval,28.856579759336388,29.790954755503797,-226.09813838125245,0.03497314453125,8.20551
280,Regression,Deep River RNN,TrumpApproval,28.061930866041244,29.096102395791075,-225.80675132292612,0.03497314453125,9.386685
300,Regression,Deep River RNN,TrumpApproval,27.212924650319728,28.387022197697174,-211.31267435249748,0.03497314453125,10.649291999999999
320,Regression,Deep River RNN,TrumpApproval,26.467299161930377,27.74997391385305,-211.93637230187255,0.03497314453125,11.992237999999999
340,Regression,Deep River RNN,TrumpApproval,25.784624078898986,27.162118139899675,-214.58890376676496,0.03497314453125,13.411091999999998
360,Regression,Deep River RNN,TrumpApproval,25.189326219126645,26.63497856413862,-208.00449660320533,0.0354766845703125,14.905166999999999
380,Regression,Deep River RNN,TrumpApproval,24.55744224459703,26.10051819894363,-206.6437001271188,0.03497314453125,16.477922
400,Regression,Deep River RNN,TrumpApproval,23.933987069597098,25.58304133555157,-204.12981437719543,0.03497314453125,18.12968
420,Regression,Deep River RNN,TrumpApproval,23.299650165871984,25.07385683253155,-202.5667070904373,0.0354766845703125,19.856226
440,Regression,Deep River RNN,TrumpApproval,22.710960914478864,24.596637579469434,-191.34709101307783,0.03497314453125,21.658974
460,Regression,Deep River RNN,TrumpApproval,22.149634154518665,24.142962839131844,-174.73582590700983,0.03497314453125,23.535169
480,Regression,Deep River RNN,TrumpApproval,21.56808467962539,23.693754067242466,-164.36317986786338,0.03497314453125,25.484062
500,Regression,Deep River RNN,TrumpApproval,20.985157690997504,23.257320268216755,-154.9847573587446,0.03497314453125,27.505119
520,Regression,Deep River RNN,TrumpApproval,20.381161224206963,22.829547698119903,-149.56185823081063,0.03497314453125,29.602487
540,Regression,Deep River RNN,TrumpApproval,19.780888965170572,22.41722885254067,-143.6404507756455,0.03497314453125,31.7749
560,Regression,Deep River RNN,TrumpApproval,19.138370317477797,22.016823457546383,-141.84401604265767,0.03497314453125,34.024867
580,Regression,Deep River RNN,TrumpApproval,18.494611350439826,21.63413508889133,-140.332592754296,0.03497314453125,36.347301
600,Regression,Deep River RNN,TrumpApproval,17.895362194149936,21.270839380586533,-134.11436600621028,0.03497314453125,38.745870000000004
620,Regression,Deep River RNN,TrumpApproval,17.332991107082393,20.925151087655763,-127.76524589217738,0.03497314453125,41.218554000000005
640,Regression,Deep River RNN,TrumpApproval,16.805100386098054,20.595783747972806,-121.41185209614129,0.03497314453125,43.766719
660,Regression,Deep River RNN,TrumpApproval,16.30229263622599,20.281382148865074,-116.84953465851676,0.03497314453125,46.392185000000005
680,Regression,Deep River RNN,TrumpApproval,15.836532681130043,19.98108366465615,-115.19306445679551,0.0354766845703125,49.088922000000004
700,Regression,Deep River RNN,TrumpApproval,15.40572895377298,19.69404764410348,-114.84345478575953,0.03497314453125,51.860856000000005
720,Regression,Deep River RNN,TrumpApproval,15.003775820159193,19.419586264707984,-114.11173593649727,0.03497314453125,54.709912
740,Regression,Deep River RNN,TrumpApproval,14.648803745215469,19.15808740328399,-110.9650902376359,0.0354766845703125,57.63508
760,Regression,Deep River RNN,TrumpApproval,14.271496535568364,18.904442657839226,-109.20107207793659,0.03497314453125,60.632111
780,Regression,Deep River RNN,TrumpApproval,13.909643303427012,18.660534240688914,-106.85677049398888,0.03497314453125,63.701626000000005
800,Regression,Deep River RNN,TrumpApproval,13.579603699796415,18.42624097083802,-105.11647911482916,0.03497314453125,66.83880500000001
820,Regression,Deep River RNN,TrumpApproval,13.264084011780644,18.200465311028925,-103.66891881953839,0.03497314453125,70.04043100000001
840,Regression,Deep River RNN,TrumpApproval,12.960322758977368,17.982739376668842,-102.12831938286226,0.03497314453125,73.30939700000002
860,Regression,Deep River RNN,TrumpApproval,12.667873810820225,17.7725739362753,-99.55834010914532,0.03497314453125,76.64541200000002
880,Regression,Deep River RNN,TrumpApproval,12.383293255496739,17.569471951743637,-96.78483773615231,0.03497314453125,80.04943300000002
900,Regression,Deep River RNN,TrumpApproval,12.11332309874617,17.37320267117633,-95.01525595291609,0.03497314453125,83.51916800000002
920,Regression,Deep River RNN,TrumpApproval,11.855920382131261,17.183393884370037,-94.47202576645012,0.03497314453125,87.05561400000002
940,Regression,Deep River RNN,TrumpApproval,11.616930150525128,16.999950124514047,-93.23718147368294,0.03497314453125,90.66026200000002
960,Regression,Deep River RNN,TrumpApproval,11.384430004799617,16.8221194800462,-92.24073152197376,0.03497314453125,94.33385900000002
980,Regression,Deep River RNN,TrumpApproval,11.164005574427234,16.64985520901656,-92.11485839761797,0.03497314453125,98.07503100000002
1000,Regression,Deep River RNN,TrumpApproval,10.9465993693132,16.482590773750438,-91.78948987932156,0.0354766845703125,101.88461400000003
1001,Regression,Deep River RNN,TrumpApproval,10.935971372851968,16.47435852998516,-91.75871467821366,0.0354766845703125,105.69880500000002
11,Regression,River MLP,ChickWeights,41.63636363636363,41.64569169030137,-2231.5319148936137,0.012534141540527344,0.026145
22,Regression,River MLP,ChickWeights,41.31818181818181,41.32960638133835,-1808.0547045951903,0.012534141540527344,0.07008500000000001
33,Regression,River MLP,ChickWeights,41.12121212121212,41.13871582091424,-1174.393494897962,0.012534141540527344,0.130474
44,Regression,River MLP,ChickWeights,41.159090909090914,41.174517715340755,-1333.7620984139928,0.012534141540527344,0.20932
55,Regression,River MLP,ChickWeights,41.5090909090909,41.57075020645253,-336.3506066081568,0.012534141540527344,0.306089
66,Regression,River MLP,ChickWeights,42.681818181818166,42.82080349691271,-153.29834830483878,0.012534141540527344,0.419413
77,Regression,River MLP,ChickWeights,43.506493506493506,43.70978671356627,-106.75487995129542,0.012534141540527344,0.551105
88,Regression,River MLP,ChickWeights,44.21590909090909,44.43649707984724,-99.97346126162999,0.012534141540527344,0.701257
99,Regression,River MLP,ChickWeights,45.05050505050505,45.309262771858165,-86.8022342468144,0.012534141540527344,0.868133
110,Regression,River MLP,ChickWeights,46.16363636363636,46.52487115902242,-63.64797006437341,0.012534141540527344,1.0525980000000001
121,Regression,River MLP,ChickWeights,47.21487603305785,47.67304278378361,-51.27707184490422,0.012534141540527344,1.2534820000000002
132,Regression,River MLP,ChickWeights,48.29545454545455,48.843054157105485,-43.84882422437649,0.012534141540527344,1.4718560000000003
143,Regression,River MLP,ChickWeights,49.44055944055945,50.100318941519305,-37.220279564063546,0.012534141540527344,1.7082080000000004
154,Regression,River MLP,ChickWeights,50.532467532467535,51.29137544271156,-33.04474826644667,0.012534141540527344,1.9612760000000005
165,Regression,River MLP,ChickWeights,51.690909090909095,52.61253451297311,-27.795548438273773,0.012534141540527344,2.2324260000000002
176,Regression,River MLP,ChickWeights,53.00568181818182,54.11860921749895,-23.566226925646234,0.012534141540527344,2.51995
187,Regression,River MLP,ChickWeights,54.41176470588235,55.733754017636336,-20.33250305682894,0.012534141540527344,2.824767
198,Regression,River MLP,ChickWeights,56.02525252525252,57.635786091488654,-17.146924852486976,0.012534141540527344,3.146584
209,Regression,River MLP,ChickWeights,57.5645933014354,59.46206220864915,-14.922837840066967,0.012534141540527344,3.48772
220,Regression,River MLP,ChickWeights,58.69090909090908,60.81327606250582,-13.581197962556498,0.012534141540527344,3.846507
231,Regression,River MLP,ChickWeights,60.25541125541125,62.66764529032318,-12.244451024360147,0.012534141540527344,4.2214659999999995
242,Regression,River MLP,ChickWeights,62.17355371900826,65.06963847478845,-10.489760184397113,0.012534141540527344,4.613993
253,Regression,River MLP,ChickWeights,63.936758893280626,67.17295239601157,-9.634560128382748,0.012534141540527344,5.024232
264,Regression,River MLP,ChickWeights,65.10606060606062,68.57980310513724,-9.127665748505592,0.012694358825683594,5.452853999999999
275,Regression,River MLP,ChickWeights,66.61454545454548,70.46451073219248,-8.408339126213217,0.012694358825683594,5.899544
286,Regression,River MLP,ChickWeights,68.48951048951052,72.8020594498525,-7.6983532427125105,0.012694358825683594,6.363682
297,Regression,River MLP,ChickWeights,70.55218855218858,75.3669362796119,-7.08492451355157,0.012694358825683594,6.844106
308,Regression,River MLP,ChickWeights,72.39285714285718,77.65033596401675,-6.643510181414674,0.012694358825683594,7.341424
319,Regression,River MLP,ChickWeights,73.45454545454551,79.15086186624424,-6.206879640065647,0.012694358825683594,7.856109
330,Regression,River MLP,ChickWeights,75.77878787878792,82.20832738177494,-5.653192449779911,0.012694358825683594,8.386683
341,Regression,River MLP,ChickWeights,77.92375366568919,84.89106353805269,-5.352795814687307,0.012694358825683594,8.93355
352,Regression,River MLP,ChickWeights,80.04545454545458,87.49376601169416,-5.134510311668016,0.012694358825683594,9.496695
363,Regression,River MLP,ChickWeights,80.99724517906337,88.57562798692558,-5.105139086016474,0.012694358825683594,10.076263
374,Regression,River MLP,ChickWeights,82.77807486631018,90.83029071422122,-4.901675845817959,0.012694358825683594,10.673064
385,Regression,River MLP,ChickWeights,85.1766233766234,93.99517810235533,-4.591702735915359,0.012694358825683594,11.287182
396,Regression,River MLP,ChickWeights,87.26767676767678,96.48964983485283,-4.494054297851511,0.012694358825683594,11.918148
407,Regression,River MLP,ChickWeights,89.00737100737103,98.71879502607636,-4.345544683073043,0.012694358825683594,12.567182
418,Regression,River MLP,ChickWeights,90.57416267942587,100.72635724110245,-4.224084264201084,0.012694358825683594,13.233383
429,Regression,River MLP,ChickWeights,93.12121212121215,104.19735398794236,-3.9677178403495805,0.012694358825683594,13.916657
440,Regression,River MLP,ChickWeights,95.41818181818185,107.03565676064125,-3.8710119659250104,0.012694358825683594,14.617398000000001
451,Regression,River MLP,ChickWeights,97.16629711751665,109.07665280092142,-3.843505105397095,0.012694358825683594,15.335287000000001
462,Regression,River MLP,ChickWeights,98.71645021645023,111.17636431671961,-3.72620239405422,0.012694358825683594,16.070654
473,Regression,River MLP,ChickWeights,101.54122621564484,115.20584573786859,-3.4812404756668593,0.012694358825683594,16.823527000000002
484,Regression,River MLP,ChickWeights,103.77066115702482,117.90601559037043,-3.4365483842712585,0.012694358825683594,17.594426000000002
495,Regression,River MLP,ChickWeights,106.02424242424244,120.71525892518193,-3.37467008920777,0.012694358825683594,18.382993000000003
506,Regression,River MLP,ChickWeights,107.31620553359684,122.26004165941237,-3.356924458603192,0.012694358825683594,19.188219000000004
517,Regression,River MLP,ChickWeights,109.39651837524178,124.91233289427785,-3.291877964737682,0.012694358825683594,20.010368000000003
528,Regression,River MLP,ChickWeights,112.36553030303028,129.1106745698386,-3.1225038051323804,0.012694358825683594,20.849640000000004
539,Regression,River MLP,ChickWeights,114.52504638218922,131.65752925403248,-3.109734667916423,0.012694358825683594,21.705793000000003
550,Regression,River MLP,ChickWeights,115.89999999999996,133.35909826820617,-3.0866973064470367,0.012694358825683594,22.579491000000004
561,Regression,River MLP,ChickWeights,117.86452762923346,135.8046463151548,-3.0526234314410727,0.012694358825683594,23.470323000000004
572,Regression,River MLP,ChickWeights,120.54020979020974,139.4624607986965,-2.953338846956928,0.012694358825683594,24.377994000000005
578,Regression,River MLP,ChickWeights,121.81833910034597,141.00422703423635,-2.942935834251463,0.012694358825683594,25.294451000000006
20,Regression,River MLP,TrumpApproval,32.38475835829354,35.92942720768134,-3026.9938859857903,0.013720512390136719,0.037813
40,Regression,River MLP,TrumpApproval,29.76182054757147,33.259064572093976,-443.7187240311449,0.013720512390136719,0.108642
60,Regression,River MLP,TrumpApproval,23.526870812779055,28.471351688600237,-438.365987082433,0.013720512390136719,0.21189000000000002
80,Regression,River MLP,TrumpApproval,20.132524926136483,25.378634509792207,-349.1792460717554,0.013720512390136719,0.348495
100,Regression,River MLP,TrumpApproval,18.805096176030673,24.0238952534099,-195.88407750285268,0.013720512390136719,0.519837
120,Regression,River MLP,TrumpApproval,17.073927244992827,22.27290466908524,-142.5646498806986,0.013720512390136719,0.725815
140,Regression,River MLP,TrumpApproval,15.05947247040794,20.664178347127116,-126.69952059440487,0.013720512390136719,0.9667749999999999
160,Regression,River MLP,TrumpApproval,13.757030259620889,19.435746320443165,-98.6236998565235,0.013720512390136719,1.241218
180,Regression,River MLP,TrumpApproval,12.973407690756,18.523000933354382,-78.47037300778672,0.013720512390136719,1.550234
200,Regression,River MLP,TrumpApproval,11.923706598449936,17.604903912344533,-71.00113551825791,0.013720512390136719,1.894078
220,Regression,River MLP,TrumpApproval,10.981335366325085,16.79610880687402,-69.6957876876489,0.013720512390136719,2.271236
240,Regression,River MLP,TrumpApproval,10.22905493451353,16.0933671108523,-64.39213088609294,0.013720512390136719,2.680876
260,Regression,River MLP,TrumpApproval,9.55016328312717,15.469159065726242,-60.23195711943878,0.013960838317871094,3.124874
280,Regression,River MLP,TrumpApproval,9.001960644525155,14.92046031538994,-58.64180643296841,0.013960838317871094,3.602027
300,Regression,River MLP,TrumpApproval,8.493564804889015,14.422106483827307,-53.801650888778994,0.013960838317871094,4.112067
320,Regression,River MLP,TrumpApproval,8.054479838186431,13.972018653933013,-52.98125859507517,0.013960838317871094,4.654351
340,Regression,River MLP,TrumpApproval,7.7250322964580445,13.576779003078176,-52.86325990412627,0.013960838317871094,5.230752
360,Regression,River MLP,TrumpApproval,7.445232594515783,13.215931707057248,-50.45724116099023,0.013960838317871094,5.8397879999999995
380,Regression,River MLP,TrumpApproval,7.146206146875023,12.874278768301712,-49.5203460736882,0.013960838317871094,6.483746
400,Regression,River MLP,TrumpApproval,6.880105917051644,12.55984603221857,-48.44166333434776,0.013960838317871094,7.162712
420,Regression,River MLP,TrumpApproval,6.702498795833312,12.283486448963254,-47.85485965900822,0.013960838317871094,7.874232
440,Regression,River MLP,TrumpApproval,7.149775962164216,13.663605461241472,-58.35601896287439,0.013960838317871094,8.618342
460,Regression,River MLP,TrumpApproval,7.155677622169859,13.489945634590137,-53.86552936833024,0.013960838317871094,9.396636
480,Regression,River MLP,TrumpApproval,7.223014900491053,13.364998058891207,-51.61491370034593,0.013960838317871094,10.206879
500,Regression,River MLP,TrumpApproval,7.076106299422916,13.145377475754286,-48.83207115885495,0.013960838317871094,11.050873000000001
520,Regression,River MLP,TrumpApproval,7.009174024034215,12.967092778410425,-47.5741923215846,0.013960838317871094,11.928261000000001
540,Regression,River MLP,TrumpApproval,6.901735628622224,12.777983322318056,-45.99488050314061,0.013960838317871094,12.837769000000002
560,Regression,River MLP,TrumpApproval,7.137001352018455,13.14450681000613,-49.91448125226995,0.013960838317871094,13.779597
580,Regression,River MLP,TrumpApproval,7.143597306406275,13.101635292081516,-50.83394499353856,0.013960838317871094,14.752024
600,Regression,River MLP,TrumpApproval,6.993625897079946,12.892152338520308,-48.63444027191176,0.013960838317871094,15.756037000000001
620,Regression,River MLP,TrumpApproval,6.908150013080328,12.716819193430121,-46.55743793076661,0.013960838317871094,16.792426000000003
640,Regression,River MLP,TrumpApproval,6.750753798966878,12.52346343334086,-44.260122661238306,0.013960838317871094,17.860425000000003
660,Regression,River MLP,TrumpApproval,6.592250696508736,12.336861612200812,-42.60558946363254,0.013960838317871094,18.960315
680,Regression,River MLP,TrumpApproval,6.434428246927699,12.157348254722129,-42.01499178688347,0.013960838317871094,20.092562
700,Regression,River MLP,TrumpApproval,6.371471309148711,12.092046938002941,-42.67180892237462,0.013960838317871094,21.256085000000002
720,Regression,River MLP,TrumpApproval,6.914459004475213,12.814507724418016,-49.12374498167509,0.013960838317871094,22.451968
740,Regression,River MLP,TrumpApproval,6.81118848070834,12.665895073109779,-47.93843824488538,0.013960838317871094,23.679872
760,Regression,River MLP,TrumpApproval,6.743833321412404,12.533999170022913,-47.44370900976782,0.013960838317871094,24.940435
780,Regression,River MLP,TrumpApproval,6.6755778199887645,12.40803106849085,-46.687549966274126,0.013960838317871094,26.234216
800,Regression,River MLP,TrumpApproval,6.554546543681127,12.258871828406669,-45.968895519151765,0.013960838317871094,27.561355
820,Regression,River MLP,TrumpApproval,6.436960946929734,12.117002745835384,-45.39200774494671,0.013960838317871094,28.919643999999998
840,Regression,River MLP,TrumpApproval,6.317957247717383,11.976929497862496,-44.74643194623821,0.013960838317871094,30.309244999999997
860,Regression,River MLP,TrumpApproval,6.209193391353464,11.842045748463775,-43.64480246674437,0.013960838317871094,31.732797999999995
880,Regression,River MLP,TrumpApproval,6.099371597851829,11.710056263110653,-42.43822442967201,0.013960838317871094,33.188095999999994
900,Regression,River MLP,TrumpApproval,5.981973444528545,11.580902136897949,-41.664361962609235,0.013960838317871094,34.674958
920,Regression,River MLP,TrumpApproval,5.868565145191541,11.45579077696772,-41.43345495933748,0.013960838317871094,36.19405999999999
940,Regression,River MLP,TrumpApproval,5.776196851398717,11.338742684549512,-40.92342863575082,0.013960838317871094,37.74575899999999
960,Regression,River MLP,TrumpApproval,5.6860939493023075,11.224604197051336,-40.513210081607546,0.013960838317871094,39.32881499999999
980,Regression,River MLP,TrumpApproval,5.59396807854361,11.1126577491328,-40.479541092779726,0.013960838317871094,40.94340899999999
1000,Regression,River MLP,TrumpApproval,5.506195373391378,11.003395223726146,-40.35245136304329,0.013960838317871094,42.59075699999999
1001,Regression,River MLP,TrumpApproval,5.5040795307484816,10.998419039905245,-40.342641376808906,0.013960838317871094,44.240706999999986
11,Regression,[baseline] Mean predictor,ChickWeights,4.664574314574316,12.707974531760701,-206.87879383707747,0.0004901885986328125,0.001315
22,Regression,[baseline] Mean predictor,ChickWeights,2.767694704637076,9.018587183866769,-85.14025986830408,0.0004901885986328125,0.00332
33,Regression,[baseline] Mean predictor,ChickWeights,2.3093367298127023,7.420500566500976,-37.24267181629702,0.0004901885986328125,0.005965
44,Regression,[baseline] Mean predictor,ChickWeights,1.8923639683488078,6.441521936619904,-31.668094594906044,0.0004901885986328125,0.009260000000000001
55,Regression,[baseline] Mean predictor,ChickWeights,2.1129412159858934,6.114058653243701,-6.297346571779499,0.0004901885986328125,0.013205000000000001
66,Regression,[baseline] Mean predictor,ChickWeights,2.832849782567835,6.236602142425367,-2.2730130120415795,0.0004901885986328125,0.017710000000000004
77,Regression,[baseline] Mean predictor,ChickWeights,3.4069290990236856,6.402381882180361,-1.3118663438824,0.0004901885986328125,0.022730000000000004
88,Regression,[baseline] Mean predictor,ChickWeights,3.6503779711608075,6.321189272940957,-1.043267371916866,0.0004901885986328125,0.028296
99,Regression,[baseline] Mean predictor,ChickWeights,4.035631404360372,6.4483291916176695,-0.7783857772357967,0.0004901885986328125,0.034467000000000005
110,Regression,[baseline] Mean predictor,ChickWeights,4.693189868957898,7.0697740144659305,-0.49277927868413074,0.0004901885986328125,0.04119400000000001
121,Regression,[baseline] Mean predictor,ChickWeights,5.274396860168236,7.6542276724395,-0.34762252544372596,0.0004901885986328125,0.04844400000000001
132,Regression,[baseline] Mean predictor,ChickWeights,5.875758254207378,8.194624755054596,-0.2624191661321591,0.0004901885986328125,0.056282000000000006
143,Regression,[baseline] Mean predictor,ChickWeights,6.530760796045927,8.870097879563003,-0.19803554240449484,0.0004901885986328125,0.06473200000000001
154,Regression,[baseline] Mean predictor,ChickWeights,7.121466111912466,9.458403141043558,-0.15770278521517955,0.0004901885986328125,0.07371600000000002
165,Regression,[baseline] Mean predictor,ChickWeights,7.772438504082036,10.375670403553157,-0.11989999304508925,0.0004901885986328125,0.08327400000000001
176,Regression,[baseline] Mean predictor,ChickWeights,8.565827130563894,11.410434180005831,-0.09206765686265328,0.0004901885986328125,0.09339500000000002
187,Regression,[baseline] Mean predictor,ChickWeights,9.429958588641576,12.495061319237752,-0.07221531716282037,0.0004901885986328125,0.10432500000000001
198,Regression,[baseline] Mean predictor,ChickWeights,10.47731537859646,13.900491647656429,-0.05555027037575888,0.0004901885986328125,0.11605000000000001
209,Regression,[baseline] Mean predictor,ChickWeights,11.43172675762076,15.229123619635446,-0.04445651287163721,0.0004901885986328125,0.12838000000000002
220,Regression,[baseline] Mean predictor,ChickWeights,11.974320980081139,16.22368260926648,-0.03775608698471111,0.0004901885986328125,0.14137500000000003
231,Regression,[baseline] Mean predictor,ChickWeights,12.9382196746461,17.489503190785292,-0.03157819728271183,0.0004901885986328125,0.15500000000000003
242,Regression,[baseline] Mean predictor,ChickWeights,14.229204186206863,19.43725798629848,-0.02523677186741935,0.0004901885986328125,0.16926800000000003
253,Regression,[baseline] Mean predictor,ChickWeights,15.339413196393396,20.820238312545918,-0.021649789303838762,0.0004901885986328125,0.18413200000000002
264,Regression,[baseline] Mean predictor,ChickWeights,15.948617107030818,21.75817315507082,-0.019440185124094622,0.0004901885986328125,0.199521
275,Regression,[baseline] Mean predictor,ChickWeights,16.794155127707494,23.16724301729152,-0.016999619323781356,0.0004901885986328125,0.21541
286,Regression,[baseline] Mean predictor,ChickWeights,17.990009992534457,24.865985915258104,-0.014754713395529917,0.0004901885986328125,0.23180499999999998
297,Regression,[baseline] Mean predictor,ChickWeights,19.34919450213405,26.676209297603677,-0.012890456560007202,0.0004901885986328125,0.24869699999999997
308,Regression,[baseline] Mean predictor,ChickWeights,20.46881241431745,28.248013022827834,-0.011537481517321035,0.0004901885986328125,0.266092
319,Regression,[baseline] Mean predictor,ChickWeights,20.993702124162965,29.638141143499492,-0.010503673119392376,0.0004901885986328125,0.283999
330,Regression,[baseline] Mean predictor,ChickWeights,22.586872779548433,32.01796640002603,-0.009220237952050514,0.0004901885986328125,0.302506
341,Regression,[baseline] Mean predictor,ChickWeights,23.973458872107372,33.821533603903084,-0.008387701903732392,0.0004901885986328125,0.321645
352,Regression,[baseline] Mean predictor,ChickWeights,25.315991788770976,35.461698606860665,-0.007731302158646702,0.0004901885986328125,0.341293
363,Regression,[baseline] Mean predictor,ChickWeights,25.615062978866305,35.981300981590465,-0.007443749031205149,0.0004901885986328125,0.361437
374,Regression,[baseline] Mean predictor,ChickWeights,26.673321526932543,37.51836715700961,-0.006935846124255907,0.0004901885986328125,0.382104
385,Regression,[baseline] Mean predictor,ChickWeights,28.27694482780972,39.8753298933956,-0.006332510983879436,0.0004901885986328125,0.40347
396,Regression,[baseline] Mean predictor,ChickWeights,29.55612496209691,41.288487059450155,-0.005980181891907188,0.0004901885986328125,0.425371
407,Regression,[baseline] Mean predictor,ChickWeights,30.561677112682855,42.81802042618151,-0.005646723150046551,0.0004901885986328125,0.447792
418,Regression,[baseline] Mean predictor,ChickWeights,31.39346669137945,44.18765357092498,-0.0053697143301307815,0.0004901885986328125,0.47074200000000005
429,Regression,[baseline] Mean predictor,ChickWeights,33.10612890637694,46.865579751152914,-0.004966366070605188,0.0004901885986328125,0.49432300000000007
440,Regression,[baseline] Mean predictor,ChickWeights,34.54914638861108,48.61167278858254,-0.004716123854972665,0.0004901885986328125,0.518429
451,Regression,[baseline] Mean predictor,ChickWeights,35.43263419295921,49.67507127970072,-0.004553693807187953,0.0004901885986328125,0.543093
462,Regression,[baseline] Mean predictor,ChickWeights,36.308550382896186,51.2507761435036,-0.004357377489546899,0.0004901885986328125,0.5683600000000001
473,Regression,[baseline] Mean predictor,ChickWeights,38.26330298063241,54.532250497281034,-0.004051661204895529,0.0004901885986328125,0.5941460000000001
484,Regression,[baseline] Mean predictor,ChickWeights,39.598662348008276,56.08659790201894,-0.0039023944795495424,0.0004901885986328125,0.620437
495,Regression,[baseline] Mean predictor,ChickWeights,40.94697327298068,57.823326559810994,-0.0037535911132069444,0.0004901885986328125,0.647219
506,Regression,[baseline] Mean predictor,ChickWeights,41.42384714758024,58.679845942015916,-0.003665234721119459,0.0004901885986328125,0.674495
517,Regression,[baseline] Mean predictor,ChickWeights,42.72663002099646,60.40151056768402,-0.0035345422299792872,0.0004901885986328125,0.702264
528,Regression,[baseline] Mean predictor,ChickWeights,44.77321528369677,63.69509749878913,-0.0033415055563215112,0.0004901885986328125,0.730536
539,Regression,[baseline] Mean predictor,ChickWeights,45.99579764939489,65.0494992510053,-0.0032526095626370655,0.0004901885986328125,0.759303
550,Regression,[baseline] Mean predictor,ChickWeights,46.57020777663759,66.07332710234044,-0.0031815200825582313,0.0004901885986328125,0.788589
561,Regression,[baseline] Mean predictor,ChickWeights,47.758257606406204,67.5643396193493,-0.0030950009187136196,0.0004901885986328125,0.818407
572,Regression,[baseline] Mean predictor,ChickWeights,49.49138874897682,70.24569214117749,-0.002971942406188699,0.0004901885986328125,0.848784
578,Regression,[baseline] Mean predictor,ChickWeights,50.250899455914585,71.11438743304103,-0.002929468639104371,0.0004901885986328125,0.879559
20,Regression,[baseline] Mean predictor,TrumpApproval,2.695184981652336,9.807184976514188,-224.6021011118197,0.0004901885986328125,0.001751
40,Regression,[baseline] Mean predictor,TrumpApproval,2.3994713447037435,7.102066178895935,-19.27845129783118,0.0004901885986328125,0.004711
60,Regression,[baseline] Mean predictor,TrumpApproval,1.8170744682035582,5.815253847056423,-17.329373299766118,0.0004901885986328125,0.008893999999999999
80,Regression,[baseline] Mean predictor,TrumpApproval,1.604995404573344,5.081770494168446,-13.040545957103586,0.0004901885986328125,0.014245999999999998
100,Regression,[baseline] Mean predictor,TrumpApproval,1.824259078948539,4.70488333223354,-6.5512954222403845,0.0004901885986328125,0.020734
120,Regression,[baseline] Mean predictor,TrumpApproval,1.9187446081165878,4.412336880489357,-4.634185300646759,0.0004901885986328125,0.028286
140,Regression,[baseline] Mean predictor,TrumpApproval,1.8761207739327506,4.13187920011476,-4.1056167996805835,0.0004901885986328125,0.036906999999999995
160,Regression,[baseline] Mean predictor,TrumpApproval,1.961232939518506,3.9761734872745063,-3.1695661963674864,0.0004901885986328125,0.046951999999999994
180,Regression,[baseline] Mean predictor,TrumpApproval,2.066134597500757,3.873731518767916,-2.4756944369169624,0.0004901885986328125,0.058228999999999996
200,Regression,[baseline] Mean predictor,TrumpApproval,2.051125997923389,3.731810291394655,-2.23527456693896,0.0004901885986328125,0.070723
220,Regression,[baseline] Mean predictor,TrumpApproval,1.9409519346841397,3.56902990398404,-2.19210047340805,0.0004901885986328125,0.08437
240,Regression,[baseline] Mean predictor,TrumpApproval,1.9366756524315063,3.4612902974772624,-2.024876884626847,0.0004901885986328125,0.099149
260,Regression,[baseline] Mean predictor,TrumpApproval,1.9250039777458068,3.363327951159923,-1.8945640461454523,0.0004901885986328125,0.115028
280,Regression,[baseline] Mean predictor,TrumpApproval,1.8726934920539138,3.257010428159885,-1.8420037280027222,0.0004901885986328125,0.132048
300,Regression,[baseline] Mean predictor,TrumpApproval,1.8907476896224937,3.1958821895815714,-1.6910252267675165,0.0004901885986328125,0.15047
320,Regression,[baseline] Mean predictor,TrumpApproval,1.819623890420079,3.103812605138666,-1.663886258690169,0.0004901885986328125,0.17021
340,Regression,[baseline] Mean predictor,TrumpApproval,1.7396293145937214,3.014220627768389,-1.654906383755708,0.0004901885986328125,0.191191
360,Regression,[baseline] Mean predictor,TrumpApproval,1.7350691203787965,2.9569384317632506,-1.5759385016835008,0.0004901885986328125,0.21331
380,Regression,[baseline] Mean predictor,TrumpApproval,1.6987131960417108,2.8893997308323693,-1.5446951110541192,0.0004901885986328125,0.236648
400,Regression,[baseline] Mean predictor,TrumpApproval,1.673610627740774,2.82935583501861,-1.5089937655143242,0.0004901885986328125,0.261124
420,Regression,[baseline] Mean predictor,TrumpApproval,1.6410137122925974,2.7701802079251965,-1.484737486096575,0.0004901885986328125,0.286731
440,Regression,[baseline] Mean predictor,TrumpApproval,1.6565972573555454,2.7427790467379385,-1.391750010744973,0.0004901885986328125,0.313409
460,Regression,[baseline] Mean predictor,TrumpApproval,1.699464840115161,2.7394674040138396,-1.2626191030939884,0.0004901885986328125,0.341262
480,Regression,[baseline] Mean predictor,TrumpApproval,1.7224824441896143,2.7219018737730583,-1.182307732575659,0.0004901885986328125,0.370578
500,Regression,[baseline] Mean predictor,TrumpApproval,1.7446092142173422,2.7058035442295596,-1.1113262021905803,0.0004901885986328125,0.401106
520,Regression,[baseline] Mean predictor,TrumpApproval,1.7464998751860934,2.677192702589883,-1.0705208906620065,0.0004901885986328125,0.433236
540,Regression,[baseline] Mean predictor,TrumpApproval,1.7535492786865425,2.653885630983747,-1.0271707062792519,0.0004901885986328125,0.46654
560,Regression,[baseline] Mean predictor,TrumpApproval,1.7201019899937544,2.614359234374483,-1.0141103337708768,0.0004901885986328125,0.500942
580,Regression,[baseline] Mean predictor,TrumpApproval,1.6887559504032665,2.5757257291728384,-1.0033760803823184,0.0004901885986328125,0.536454
600,Regression,[baseline] Mean predictor,TrumpApproval,1.701917368353294,2.5614247637328695,-0.9592753712060649,0.0004901885986328125,0.573138
620,Regression,[baseline] Mean predictor,TrumpApproval,1.7178157166185173,2.5513468959681562,-0.9142580419512063,0.0004901885986328125,0.61114
640,Regression,[baseline] Mean predictor,TrumpApproval,1.7365901196485038,2.545046385321895,-0.8692105635365064,0.0004901885986328125,0.6504570000000001
660,Regression,[baseline] Mean predictor,TrumpApproval,1.7465677425181807,2.532051562790666,-0.8368676529707118,0.0004901885986328125,0.6909980000000001
680,Regression,[baseline] Mean predictor,TrumpApproval,1.731617734826669,2.5042261861708606,-0.8251107974736909,0.0004901885986328125,0.7330620000000001
700,Regression,[baseline] Mean predictor,TrumpApproval,1.6973720107412233,2.4702678919797196,-0.8225927549994396,0.0004901885986328125,0.7768670000000001
720,Regression,[baseline] Mean predictor,TrumpApproval,1.6698372433333928,2.4400355004771073,-0.81732226470892,0.0004901885986328125,0.821814
740,Regression,[baseline] Mean predictor,TrumpApproval,1.6732482399922957,2.425592833263792,-0.7947920429290933,0.0004901885986328125,0.867842
760,Regression,[baseline] Mean predictor,TrumpApproval,1.6653913599894004,2.404136439714782,-0.7822814452716051,0.0004901885986328125,0.914934
780,Regression,[baseline] Mean predictor,TrumpApproval,1.6644612180457288,2.387561393188575,-0.7656652158374817,0.0004901885986328125,0.963321
800,Regression,[baseline] Mean predictor,TrumpApproval,1.6556359332933146,2.368497267913513,-0.7532954885990883,0.0004901885986328125,1.0134239999999999
820,Regression,[baseline] Mean predictor,TrumpApproval,1.6452077788467467,2.348678653798561,-0.7430103139622937,0.0004901885986328125,1.065
840,Regression,[baseline] Mean predictor,TrumpApproval,1.6374623223784903,2.3305035344735936,-0.7320713255917544,0.0004901885986328125,1.1179
860,Regression,[baseline] Mean predictor,TrumpApproval,1.6419505315856449,2.3202080137162757,-0.7138439732116804,0.0004901885986328125,1.171986
880,Regression,[baseline] Mean predictor,TrumpApproval,1.6490002164922652,2.3126155324510744,-0.6941855677649247,0.0004901885986328125,1.227304
900,Regression,[baseline] Mean predictor,TrumpApproval,1.6474991175923384,2.299197536504521,-0.6816400531907807,0.0004901885986328125,1.283876
920,Regression,[baseline] Mean predictor,TrumpApproval,1.6301006788336792,2.2779225390149764,-0.6777843948800273,0.0004901885986328125,1.34171
940,Regression,[baseline] Mean predictor,TrumpApproval,1.6221876471839873,2.2623787372500574,-0.6690049120995847,0.0004901885986328125,1.400919
960,Regression,[baseline] Mean predictor,TrumpApproval,1.6124120493571745,2.245866476718547,-0.6619276404267609,0.0004901885986328125,1.461594
980,Regression,[baseline] Mean predictor,TrumpApproval,1.5867001120604314,2.223758235975506,-0.661013659831075,0.0004901885986328125,1.523352
1000,Regression,[baseline] Mean predictor,TrumpApproval,1.5681359363812417,2.2037391763141216,-0.6587014308970958,0.0004901885986328125,1.586551
1001,Regression,[baseline] Mean predictor,TrumpApproval,1.567554989468773,2.202858861923226,-0.6584830635688459,0.0004901885986328125,1.650037
